csv,id,label,annotator,annotation_id,created_at,updated_at,lead_time
/data/local-files/?d=Documents/Projects/ripple-classifier/proc_data/labeling_data_test_2/data_400/data/9950_id.csv,1582,swr,2,968,2023-04-02T16:47:35.520707Z,2023-04-02T16:47:35.520721Z,2.903
/data/local-files/?d=Documents/Projects/ripple-classifier/proc_data/labeling_data_test_2/data_400/data/9776_id.csv,1581,sw,2,967,2023-04-02T16:47:32.254911Z,2023-04-02T16:47:32.254933Z,3.94
/data/local-files/?d=Documents/Projects/ripple-classifier/proc_data/labeling_data_test_2/data_400/data/9642_id.csv,1580,swr,2,966,2023-04-02T16:47:27.930921Z,2023-04-02T16:47:27.930937Z,2.091
/data/local-files/?d=Documents/Projects/ripple-classifier/proc_data/labeling_data_test_2/data_400/data/9609_id.csv,1579,swr,2,965,2023-04-02T16:47:25.444757Z,2023-04-02T16:47:25.444775Z,2.82
/data/local-files/?d=Documents/Projects/ripple-classifier/proc_data/labeling_data_test_2/data_400/data/9595_id.csv,1578,swr,2,964,2023-04-02T16:47:22.253156Z,2023-04-02T16:47:22.253180Z,3.485
/data/local-files/?d=Documents/Projects/ripple-classifier/proc_data/labeling_data_test_2/data_400/data/9591_id.csv,1577,discarded,2,963,2023-04-02T16:47:18.437617Z,2023-04-02T16:47:18.437632Z,5.329
/data/local-files/?d=Documents/Projects/ripple-classifier/proc_data/labeling_data_test_2/data_400/data/9576_id.csv,1576,swr,2,962,2023-04-02T16:47:12.683346Z,2023-04-02T16:47:12.683368Z,6.018
/data/local-files/?d=Documents/Projects/ripple-classifier/proc_data/labeling_data_test_2/data_400/data/9569_id.csv,1575,swr,2,961,2023-04-02T16:47:06.270406Z,2023-04-02T16:47:06.270427Z,4.559
/data/local-files/?d=Documents/Projects/ripple-classifier/proc_data/labeling_data_test_2/data_400/data/9556_id.csv,1574,discarded,2,960,2023-04-02T16:47:01.303048Z,2023-04-02T16:47:01.303062Z,6.207
/data/local-files/?d=Documents/Projects/ripple-classifier/proc_data/labeling_data_test_2/data_400/data/9547_id.csv,1573,discarded,2,959,2023-04-02T16:46:54.704968Z,2023-04-02T16:46:54.704983Z,6.643
/data/local-files/?d=Documents/Projects/ripple-classifier/proc_data/labeling_data_test_2/data_400/data/9528_id.csv,1572,discarded,2,958,2023-04-02T16:46:47.638669Z,2023-04-02T16:46:47.638684Z,4.11
/data/local-files/?d=Documents/Projects/ripple-classifier/proc_data/labeling_data_test_2/data_400/data/949_id.csv,1571,swr,2,957,2023-04-02T16:46:43.129075Z,2023-04-02T16:46:43.129089Z,3.334
/data/local-files/?d=Documents/Projects/ripple-classifier/proc_data/labeling_data_test_2/data_400/data/9494_id.csv,1570,discarded,2,956,2023-04-02T16:46:39.386673Z,2023-04-02T16:46:39.386687Z,5.504
/data/local-files/?d=Documents/Projects/ripple-classifier/proc_data/labeling_data_test_2/data_400/data/9492_id.csv,1569,swr,2,955,2023-04-02T16:46:33.355052Z,2023-04-02T16:46:33.355078Z,6.859
/data/local-files/?d=Documents/Projects/ripple-classifier/proc_data/labeling_data_test_2/data_400/data/9485_id.csv,1568,discarded,2,954,2023-04-02T16:46:26.162202Z,2023-04-02T16:46:26.162219Z,3.957
/data/local-files/?d=Documents/Projects/ripple-classifier/proc_data/labeling_data_test_2/data_400/data/9473_id.csv,1567,cswr-1,2,953,2023-04-02T16:46:21.885156Z,2023-04-02T16:46:21.885169Z,5.364
/data/local-files/?d=Documents/Projects/ripple-classifier/proc_data/labeling_data_test_2/data_400/data/9441_id.csv,1566,discarded,2,952,2023-04-02T16:46:16.189556Z,2023-04-02T16:46:16.189580Z,4.39
/data/local-files/?d=Documents/Projects/ripple-classifier/proc_data/labeling_data_test_2/data_400/data/9394_id.csv,1565,swr,2,951,2023-04-02T16:46:11.469357Z,2023-04-02T16:46:11.469375Z,3.168
/data/local-files/?d=Documents/Projects/ripple-classifier/proc_data/labeling_data_test_2/data_400/data/9390_id.csv,1564,swr,2,950,2023-04-02T16:46:07.885121Z,2023-04-02T16:46:07.885135Z,4.272
/data/local-files/?d=Documents/Projects/ripple-classifier/proc_data/labeling_data_test_2/data_400/data/938_id.csv,1563,swr,2,949,2023-04-02T16:45:51.004058Z,2023-04-02T16:45:51.004077Z,3.78
/data/local-files/?d=Documents/Projects/ripple-classifier/proc_data/labeling_data_test_2/data_400/data/9339_id.csv,1562,cswr-2,2,948,2023-04-02T16:45:46.788137Z,2023-04-02T16:45:46.788151Z,4.98
/data/local-files/?d=Documents/Projects/ripple-classifier/proc_data/labeling_data_test_2/data_400/data/9318_id.csv,1561,discarded,2,947,2023-04-02T16:45:41.410984Z,2023-04-02T16:45:41.410998Z,4.239
/data/local-files/?d=Documents/Projects/ripple-classifier/proc_data/labeling_data_test_2/data_400/data/9287_id.csv,1560,swr,2,946,2023-04-02T16:45:36.721548Z,2023-04-02T16:45:36.721563Z,3.173
/data/local-files/?d=Documents/Projects/ripple-classifier/proc_data/labeling_data_test_2/data_400/data/9269_id.csv,1559,swr,2,945,2023-04-02T16:45:33.151340Z,2023-04-02T16:45:33.151355Z,3.052
/data/local-files/?d=Documents/Projects/ripple-classifier/proc_data/labeling_data_test_2/data_400/data/9254_id.csv,1558,sw,2,944,2023-04-02T16:45:29.766961Z,2023-04-02T16:45:29.766979Z,4.736
/data/local-files/?d=Documents/Projects/ripple-classifier/proc_data/labeling_data_test_2/data_400/data/9186_id.csv,1557,cswr-1,2,943,2023-04-02T16:45:24.684738Z,2023-04-02T16:45:24.684753Z,3.369
/data/local-files/?d=Documents/Projects/ripple-classifier/proc_data/labeling_data_test_2/data_400/data/9170_id.csv,1556,cswr-1,2,942,2023-04-02T16:45:20.951295Z,2023-04-02T16:45:20.951310Z,4.177
/data/local-files/?d=Documents/Projects/ripple-classifier/proc_data/labeling_data_test_2/data_400/data/9147_id.csv,1555,swr,2,941,2023-04-02T16:45:16.433124Z,2023-04-02T16:45:16.433141Z,3.165
/data/local-files/?d=Documents/Projects/ripple-classifier/proc_data/labeling_data_test_2/data_400/data/9107_id.csv,1554,swr,2,940,2023-04-02T16:45:12.885211Z,2023-04-02T16:45:12.885232Z,109.013
/data/local-files/?d=Documents/Projects/ripple-classifier/proc_data/labeling_data_test_2/data_400/data/9089_id.csv,1553,swr,2,939,2023-04-02T16:43:23.548363Z,2023-04-02T16:43:23.548378Z,2.497
/data/local-files/?d=Documents/Projects/ripple-classifier/proc_data/labeling_data_test_2/data_400/data/9077_id.csv,1552,discarded,2,938,2023-04-02T16:43:20.644466Z,2023-04-02T16:43:20.644482Z,3.712
/data/local-files/?d=Documents/Projects/ripple-classifier/proc_data/labeling_data_test_2/data_400/data/9071_id.csv,1551,swr,2,937,2023-04-02T16:43:16.536333Z,2023-04-02T16:43:16.536350Z,3.804
/data/local-files/?d=Documents/Projects/ripple-classifier/proc_data/labeling_data_test_2/data_400/data/9055_id.csv,1550,swr,2,936,2023-04-02T16:43:12.381230Z,2023-04-02T16:43:12.381248Z,2.827
/data/local-files/?d=Documents/Projects/ripple-classifier/proc_data/labeling_data_test_2/data_400/data/9037_id.csv,1549,swr,2,935,2023-04-02T16:43:09.233264Z,2023-04-02T16:43:09.233279Z,2.546
/data/local-files/?d=Documents/Projects/ripple-classifier/proc_data/labeling_data_test_2/data_400/data/8987_id.csv,1548,ripple,2,934,2023-04-02T16:43:06.333634Z,2023-04-02T16:43:06.333650Z,23.449
/data/local-files/?d=Documents/Projects/ripple-classifier/proc_data/labeling_data_test_2/data_400/data/8964_id.csv,1547,swr,2,933,2023-04-02T16:42:42.468457Z,2023-04-02T16:42:42.468484Z,2.392
/data/local-files/?d=Documents/Projects/ripple-classifier/proc_data/labeling_data_test_2/data_400/data/8960_id.csv,1546,swr,2,932,2023-04-02T16:42:39.636137Z,2023-04-02T16:42:39.636153Z,3.433
/data/local-files/?d=Documents/Projects/ripple-classifier/proc_data/labeling_data_test_2/data_400/data/8938_id.csv,1545,swr,2,931,2023-04-02T16:42:35.817817Z,2023-04-02T16:42:35.817834Z,4.061
/data/local-files/?d=Documents/Projects/ripple-classifier/proc_data/labeling_data_test_2/data_400/data/8931_id.csv,1544,swr,2,930,2023-04-02T16:42:31.358696Z,2023-04-02T16:42:31.358712Z,4.522
/data/local-files/?d=Documents/Projects/ripple-classifier/proc_data/labeling_data_test_2/data_400/data/8928_id.csv,1543,swr,2,929,2023-04-02T16:42:26.486181Z,2023-04-02T16:42:26.486195Z,3.521
/data/local-files/?d=Documents/Projects/ripple-classifier/proc_data/labeling_data_test_2/data_400/data/8924_id.csv,1542,discarded,2,928,2023-04-02T16:42:22.556208Z,2023-04-02T16:42:22.556229Z,5.048
/data/local-files/?d=Documents/Projects/ripple-classifier/proc_data/labeling_data_test_2/data_400/data/8847_id.csv,1541,sw,2,927,2023-04-02T16:42:17.123716Z,2023-04-02T16:42:17.123737Z,2.787
/data/local-files/?d=Documents/Projects/ripple-classifier/proc_data/labeling_data_test_2/data_400/data/8769_id.csv,1540,sw,2,926,2023-04-02T16:42:13.900419Z,2023-04-02T16:42:13.900453Z,2.465
/data/local-files/?d=Documents/Projects/ripple-classifier/proc_data/labeling_data_test_2/data_400/data/8669_id.csv,1539,sw,2,925,2023-04-02T16:42:11.102644Z,2023-04-02T16:42:11.102660Z,2.973
/data/local-files/?d=Documents/Projects/ripple-classifier/proc_data/labeling_data_test_2/data_400/data/8667_id.csv,1538,sw,2,924,2023-04-02T16:42:07.816563Z,2023-04-02T16:42:07.816593Z,2.655
/data/local-files/?d=Documents/Projects/ripple-classifier/proc_data/labeling_data_test_2/data_400/data/8653_id.csv,1537,sw,2,923,2023-04-02T16:42:04.811618Z,2023-04-02T16:42:04.811633Z,3.39
/data/local-files/?d=Documents/Projects/ripple-classifier/proc_data/labeling_data_test_2/data_400/data/8651_id.csv,1536,swr,2,922,2023-04-02T16:42:01.070598Z,2023-04-02T16:42:01.070638Z,3.419
/data/local-files/?d=Documents/Projects/ripple-classifier/proc_data/labeling_data_test_2/data_400/data/8635_id.csv,1535,discarded,2,921,2023-04-02T16:41:57.329261Z,2023-04-02T16:41:57.329276Z,4.058
/data/local-files/?d=Documents/Projects/ripple-classifier/proc_data/labeling_data_test_2/data_400/data/8618_id.csv,1534,discarded,2,920,2023-04-02T16:41:52.901733Z,2023-04-02T16:41:52.901748Z,5.141
/data/local-files/?d=Documents/Projects/ripple-classifier/proc_data/labeling_data_test_2/data_400/data/8597_id.csv,1533,discarded,2,919,2023-04-02T16:41:47.445435Z,2023-04-02T16:41:47.445450Z,6.11
/data/local-files/?d=Documents/Projects/ripple-classifier/proc_data/labeling_data_test_2/data_400/data/8534_id.csv,1532,sw,2,918,2023-04-02T16:41:41.014151Z,2023-04-02T16:41:41.014168Z,3.903
/data/local-files/?d=Documents/Projects/ripple-classifier/proc_data/labeling_data_test_2/data_400/data/851_id.csv,1531,discarded,2,917,2023-04-02T16:41:36.781071Z,2023-04-02T16:41:36.781090Z,7.173
/data/local-files/?d=Documents/Projects/ripple-classifier/proc_data/labeling_data_test_2/data_400/data/8517_id.csv,1530,ripple,2,916,2023-04-02T16:41:29.282425Z,2023-04-02T16:41:29.282440Z,4.245
/data/local-files/?d=Documents/Projects/ripple-classifier/proc_data/labeling_data_test_2/data_400/data/8515_id.csv,1529,swr,2,915,2023-04-02T16:41:24.699420Z,2023-04-02T16:41:24.699442Z,2.492
/data/local-files/?d=Documents/Projects/ripple-classifier/proc_data/labeling_data_test_2/data_400/data/8513_id.csv,1528,swr,2,914,2023-04-02T16:41:21.819132Z,2023-04-02T16:41:21.819148Z,3.295
/data/local-files/?d=Documents/Projects/ripple-classifier/proc_data/labeling_data_test_2/data_400/data/8511_id.csv,1527,swr,2,913,2023-04-02T16:41:18.137767Z,2023-04-02T16:41:18.137783Z,5.852
/data/local-files/?d=Documents/Projects/ripple-classifier/proc_data/labeling_data_test_2/data_400/data/8505_id.csv,1526,ripple,2,912,2023-04-02T16:41:11.833293Z,2023-04-02T16:41:11.833309Z,4.443
/data/local-files/?d=Documents/Projects/ripple-classifier/proc_data/labeling_data_test_2/data_400/data/8504_id.csv,1525,ripple,2,911,2023-04-02T16:41:06.959299Z,2023-04-02T16:41:06.959316Z,5.332
/data/local-files/?d=Documents/Projects/ripple-classifier/proc_data/labeling_data_test_2/data_400/data/8500_id.csv,1524,discarded,2,910,2023-04-02T16:41:01.294963Z,2023-04-02T16:41:01.294978Z,4.281
/data/local-files/?d=Documents/Projects/ripple-classifier/proc_data/labeling_data_test_2/data_400/data/8499_id.csv,1523,discarded,2,909,2023-04-02T16:40:56.685906Z,2023-04-02T16:40:56.685920Z,4.862
/data/local-files/?d=Documents/Projects/ripple-classifier/proc_data/labeling_data_test_2/data_400/data/8498_id.csv,1522,discarded,2,908,2023-04-02T16:40:51.510471Z,2023-04-02T16:40:51.510501Z,4.316
/data/local-files/?d=Documents/Projects/ripple-classifier/proc_data/labeling_data_test_2/data_400/data/8497_id.csv,1521,swr,2,907,2023-04-02T16:40:46.882313Z,2023-04-02T16:40:46.882328Z,3.624
/data/local-files/?d=Documents/Projects/ripple-classifier/proc_data/labeling_data_test_2/data_400/data/8496_id.csv,1520,discarded,2,906,2023-04-02T16:40:42.919127Z,2023-04-02T16:40:42.919141Z,4.651
/data/local-files/?d=Documents/Projects/ripple-classifier/proc_data/labeling_data_test_2/data_400/data/8490_id.csv,1519,discarded,2,905,2023-04-02T16:40:37.926602Z,2023-04-02T16:40:37.926617Z,4.727
/data/local-files/?d=Documents/Projects/ripple-classifier/proc_data/labeling_data_test_2/data_400/data/8488_id.csv,1518,ripple,2,904,2023-04-02T16:40:32.803035Z,2023-04-02T16:40:32.803053Z,7.323
/data/local-files/?d=Documents/Projects/ripple-classifier/proc_data/labeling_data_test_2/data_400/data/8471_id.csv,1517,discarded,2,903,2023-04-02T16:40:25.061402Z,2023-04-02T16:40:25.061420Z,4.545
/data/local-files/?d=Documents/Projects/ripple-classifier/proc_data/labeling_data_test_2/data_400/data/8454_id.csv,1516,swr,2,902,2023-04-02T16:40:20.151671Z,2023-04-02T16:40:20.151686Z,3.031
/data/local-files/?d=Documents/Projects/ripple-classifier/proc_data/labeling_data_test_2/data_400/data/8374_id.csv,1515,sw,2,901,2023-04-02T16:40:16.787359Z,2023-04-02T16:40:16.787387Z,4.605
/data/local-files/?d=Documents/Projects/ripple-classifier/proc_data/labeling_data_test_2/data_400/data/8369_id.csv,1514,cswr-1,2,900,2023-04-02T16:40:11.820718Z,2023-04-02T16:40:11.820733Z,5.093
/data/local-files/?d=Documents/Projects/ripple-classifier/proc_data/labeling_data_test_2/data_400/data/8324_id.csv,1513,discarded,2,899,2023-04-02T16:40:06.395236Z,2023-04-02T16:40:06.395259Z,4.888
/data/local-files/?d=Documents/Projects/ripple-classifier/proc_data/labeling_data_test_2/data_400/data/8314_id.csv,1512,swr,2,898,2023-04-02T16:40:01.167221Z,2023-04-02T16:40:01.167235Z,5.442
/data/local-files/?d=Documents/Projects/ripple-classifier/proc_data/labeling_data_test_2/data_400/data/8300_id.csv,1511,cswr-1,2,897,2023-04-02T16:39:55.318722Z,2023-04-02T16:39:55.318738Z,540.899
/data/local-files/?d=Documents/Projects/ripple-classifier/proc_data/labeling_data_test_2/data_400/data/8268_id.csv,1510,discarded,2,896,2023-04-02T16:30:54.016272Z,2023-04-02T16:30:54.016297Z,4.796
/data/local-files/?d=Documents/Projects/ripple-classifier/proc_data/labeling_data_test_2/data_400/data/8239_id.csv,1509,cswr-2,2,895,2023-04-02T16:30:48.863782Z,2023-04-02T16:30:48.863800Z,3.704
/data/local-files/?d=Documents/Projects/ripple-classifier/proc_data/labeling_data_test_2/data_400/data/8235_id.csv,1508,cswr-1,2,894,2023-04-02T16:30:44.783171Z,2023-04-02T16:30:44.783186Z,4.548
/data/local-files/?d=Documents/Projects/ripple-classifier/proc_data/labeling_data_test_2/data_400/data/822_id.csv,1507,sw,2,893,2023-04-02T16:30:39.830206Z,2023-04-02T16:30:39.830227Z,5.693
/data/local-files/?d=Documents/Projects/ripple-classifier/proc_data/labeling_data_test_2/data_400/data/8192_id.csv,1506,discarded,2,892,2023-04-02T16:30:33.688542Z,2023-04-02T16:30:33.688556Z,4.947
/data/local-files/?d=Documents/Projects/ripple-classifier/proc_data/labeling_data_test_2/data_400/data/8169_id.csv,1505,ripple,2,891,2023-04-02T16:30:28.321402Z,2023-04-02T16:30:28.321420Z,6.78
/data/local-files/?d=Documents/Projects/ripple-classifier/proc_data/labeling_data_test_2/data_400/data/8160_id.csv,1504,discarded,2,890,2023-04-02T16:30:21.138675Z,2023-04-02T16:30:21.138688Z,4.206
/data/local-files/?d=Documents/Projects/ripple-classifier/proc_data/labeling_data_test_2/data_400/data/815_id.csv,1503,sw,2,889,2023-04-02T16:30:16.533736Z,2023-04-02T16:30:16.533749Z,3.988
/data/local-files/?d=Documents/Projects/ripple-classifier/proc_data/labeling_data_test_2/data_400/data/8008_id.csv,1502,swr,2,888,2023-04-02T16:30:12.176901Z,2023-04-02T16:30:12.176921Z,3.062
/data/local-files/?d=Documents/Projects/ripple-classifier/proc_data/labeling_data_test_2/data_400/data/7_id.csv,1501,swr,2,887,2023-04-02T16:30:08.746281Z,2023-04-02T16:30:08.746295Z,2.506
/data/local-files/?d=Documents/Projects/ripple-classifier/proc_data/labeling_data_test_2/data_400/data/7950_id.csv,1500,swr,2,886,2023-04-02T16:30:05.842106Z,2023-04-02T16:30:05.842120Z,3.72
/data/local-files/?d=Documents/Projects/ripple-classifier/proc_data/labeling_data_test_2/data_400/data/7934_id.csv,1499,swr,2,885,2023-04-02T16:30:01.797549Z,2023-04-02T16:30:01.797566Z,3.794
/data/local-files/?d=Documents/Projects/ripple-classifier/proc_data/labeling_data_test_2/data_400/data/7922_id.csv,1498,swr,2,884,2023-04-02T16:29:57.664672Z,2023-04-02T16:29:57.664692Z,2.443
/data/local-files/?d=Documents/Projects/ripple-classifier/proc_data/labeling_data_test_2/data_400/data/7904_id.csv,1497,swr,2,883,2023-04-02T16:29:54.832503Z,2023-04-02T16:29:54.832521Z,2.883
/data/local-files/?d=Documents/Projects/ripple-classifier/proc_data/labeling_data_test_2/data_400/data/7861_id.csv,1496,swr,2,882,2023-04-02T16:29:51.548224Z,2023-04-02T16:29:51.548246Z,3.309
/data/local-files/?d=Documents/Projects/ripple-classifier/proc_data/labeling_data_test_2/data_400/data/7816_id.csv,1495,cswr-1,2,881,2023-04-02T16:29:47.849933Z,2023-04-02T16:29:47.849951Z,5.673
/data/local-files/?d=Documents/Projects/ripple-classifier/proc_data/labeling_data_test_2/data_400/data/777_id.csv,1494,sw,2,880,2023-04-02T16:29:41.810140Z,2023-04-02T16:29:41.810158Z,3.057
/data/local-files/?d=Documents/Projects/ripple-classifier/proc_data/labeling_data_test_2/data_400/data/7775_id.csv,1493,ripple,2,879,2023-04-02T16:29:38.340748Z,2023-04-02T16:29:38.340763Z,5.664
/data/local-files/?d=Documents/Projects/ripple-classifier/proc_data/labeling_data_test_2/data_400/data/7634_id.csv,1492,sw,2,878,2023-04-02T16:29:32.248204Z,2023-04-02T16:29:32.248218Z,5.532
/data/local-files/?d=Documents/Projects/ripple-classifier/proc_data/labeling_data_test_2/data_400/data/7565_id.csv,1491,sw,2,877,2023-04-02T16:29:26.302690Z,2023-04-02T16:29:26.302704Z,3.344
/data/local-files/?d=Documents/Projects/ripple-classifier/proc_data/labeling_data_test_2/data_400/data/744_id.csv,1490,sw,2,876,2023-04-02T16:29:22.549826Z,2023-04-02T16:29:22.549841Z,4.434
/data/local-files/?d=Documents/Projects/ripple-classifier/proc_data/labeling_data_test_2/data_400/data/738_id.csv,1489,swr,2,875,2023-04-02T16:29:17.676734Z,2023-04-02T16:29:17.676765Z,3.987
/data/local-files/?d=Documents/Projects/ripple-classifier/proc_data/labeling_data_test_2/data_400/data/7322_id.csv,1488,sw,2,874,2023-04-02T16:29:13.248485Z,2023-04-02T16:29:13.248503Z,4.825
/data/local-files/?d=Documents/Projects/ripple-classifier/proc_data/labeling_data_test_2/data_400/data/713_id.csv,1487,swr,2,873,2023-04-02T16:29:07.984836Z,2023-04-02T16:29:07.984859Z,4.578
/data/local-files/?d=Documents/Projects/ripple-classifier/proc_data/labeling_data_test_2/data_400/data/7130_id.csv,1486,sw,2,872,2023-04-02T16:29:03.014894Z,2023-04-02T16:29:03.014911Z,3.771
/data/local-files/?d=Documents/Projects/ripple-classifier/proc_data/labeling_data_test_2/data_400/data/685_id.csv,1485,sw,2,871,2023-04-02T16:28:58.817492Z,2023-04-02T16:28:58.817508Z,4.112
/data/local-files/?d=Documents/Projects/ripple-classifier/proc_data/labeling_data_test_2/data_400/data/6854_id.csv,1484,cswr-2,2,870,2023-04-02T16:28:54.282220Z,2023-04-02T16:28:54.282239Z,4.875
/data/local-files/?d=Documents/Projects/ripple-classifier/proc_data/labeling_data_test_2/data_400/data/677_id.csv,1483,sw,2,869,2023-04-02T16:28:49.023117Z,2023-04-02T16:28:49.023132Z,3.39
/data/local-files/?d=Documents/Projects/ripple-classifier/proc_data/labeling_data_test_2/data_400/data/663_id.csv,1482,swr,2,868,2023-04-02T16:28:45.243834Z,2023-04-02T16:28:45.243849Z,4.2
/data/local-files/?d=Documents/Projects/ripple-classifier/proc_data/labeling_data_test_2/data_400/data/651_id.csv,1481,sw,2,867,2023-04-02T16:28:40.652479Z,2023-04-02T16:28:40.652499Z,4.464
/data/local-files/?d=Documents/Projects/ripple-classifier/proc_data/labeling_data_test_2/data_400/data/6507_id.csv,1480,swr,2,866,2023-04-02T16:28:29.586471Z,2023-04-02T16:28:29.586487Z,4.683
/data/local-files/?d=Documents/Projects/ripple-classifier/proc_data/labeling_data_test_2/data_400/data/645_id.csv,1479,swr,2,865,2023-04-02T16:28:24.497969Z,2023-04-02T16:28:24.497985Z,2.624
/data/local-files/?d=Documents/Projects/ripple-classifier/proc_data/labeling_data_test_2/data_400/data/6420_id.csv,1478,sw,2,864,2023-04-02T16:28:21.438522Z,2023-04-02T16:28:21.438538Z,3.782
/data/local-files/?d=Documents/Projects/ripple-classifier/proc_data/labeling_data_test_2/data_400/data/624_id.csv,1477,swr,2,863,2023-04-02T16:28:17.326799Z,2023-04-02T16:28:17.326814Z,2.882
/data/local-files/?d=Documents/Projects/ripple-classifier/proc_data/labeling_data_test_2/data_400/data/6039_id.csv,1476,sw,2,862,2023-04-02T16:28:14.131590Z,2023-04-02T16:28:14.131604Z,5.149
/data/local-files/?d=Documents/Projects/ripple-classifier/proc_data/labeling_data_test_2/data_400/data/5_id.csv,1475,swr,2,861,2023-04-02T16:28:08.648764Z,2023-04-02T16:28:08.648782Z,2.869
/data/local-files/?d=Documents/Projects/ripple-classifier/proc_data/labeling_data_test_2/data_400/data/57_id.csv,1474,swr,2,860,2023-04-02T16:28:05.355006Z,2023-04-02T16:28:05.355025Z,3.927
/data/local-files/?d=Documents/Projects/ripple-classifier/proc_data/labeling_data_test_2/data_400/data/5521_id.csv,1473,swr,2,859,2023-04-02T16:28:01.012169Z,2023-04-02T16:28:01.012190Z,2.52
/data/local-files/?d=Documents/Projects/ripple-classifier/proc_data/labeling_data_test_2/data_400/data/54_id.csv,1472,swr,2,858,2023-04-02T16:27:58.099939Z,2023-04-02T16:27:58.099954Z,3.687
/data/local-files/?d=Documents/Projects/ripple-classifier/proc_data/labeling_data_test_2/data_400/data/5290_id.csv,1471,cswr-1,2,857,2023-04-02T16:27:54.063027Z,2023-04-02T16:27:54.063045Z,3.263
/data/local-files/?d=Documents/Projects/ripple-classifier/proc_data/labeling_data_test_2/data_400/data/5096_id.csv,1470,sw,2,856,2023-04-02T16:27:50.430400Z,2023-04-02T16:27:50.430424Z,8.943
/data/local-files/?d=Documents/Projects/ripple-classifier/proc_data/labeling_data_test_2/data_400/data/49_id.csv,1469,cswr-1,2,855,2023-04-02T16:27:31.117325Z,2023-04-02T16:27:31.117344Z,5.679
/data/local-files/?d=Documents/Projects/ripple-classifier/proc_data/labeling_data_test_2/data_400/data/4834_id.csv,1468,discarded,2,854,2023-04-02T16:27:25.037774Z,2023-04-02T16:27:25.037790Z,5.535
/data/local-files/?d=Documents/Projects/ripple-classifier/proc_data/labeling_data_test_2/data_400/data/46_id.csv,1467,swr,2,853,2023-04-02T16:27:19.115403Z,2023-04-02T16:27:19.115421Z,6.618
/data/local-files/?d=Documents/Projects/ripple-classifier/proc_data/labeling_data_test_2/data_400/data/461_id.csv,1466,swr,2,852,2023-04-02T16:26:37.595831Z,2023-04-02T16:26:37.595851Z,4.202
/data/local-files/?d=Documents/Projects/ripple-classifier/proc_data/labeling_data_test_2/data_400/data/4615_id.csv,1465,swr,2,851,2023-04-02T16:26:02.133511Z,2023-04-02T16:26:02.133528Z,4.334
/data/local-files/?d=Documents/Projects/ripple-classifier/proc_data/labeling_data_test_2/data_400/data/4433_id.csv,1464,discarded,2,850,2023-04-02T16:25:41.248703Z,2023-04-02T16:25:41.248718Z,5.436
/data/local-files/?d=Documents/Projects/ripple-classifier/proc_data/labeling_data_test_2/data_400/data/4417_id.csv,1463,swr,2,849,2023-04-02T16:25:35.438175Z,2023-04-02T16:25:35.438206Z,3.667
/data/local-files/?d=Documents/Projects/ripple-classifier/proc_data/labeling_data_test_2/data_400/data/4367_id.csv,1462,cswr-2,2,848,2023-04-02T16:25:31.384201Z,2023-04-02T16:25:31.384223Z,3.699
/data/local-files/?d=Documents/Projects/ripple-classifier/proc_data/labeling_data_test_2/data_400/data/4349_id.csv,1461,swr,2,847,2023-04-02T16:25:27.267156Z,2023-04-02T16:25:27.267174Z,4.792
/data/local-files/?d=Documents/Projects/ripple-classifier/proc_data/labeling_data_test_2/data_400/data/4347_id.csv,1460,discarded,2,846,2023-04-02T16:25:22.099537Z,2023-04-02T16:25:22.099561Z,6.719
/data/local-files/?d=Documents/Projects/ripple-classifier/proc_data/labeling_data_test_2/data_400/data/4188_id.csv,1459,swr,2,845,2023-04-02T16:25:15.060785Z,2023-04-02T16:25:15.060803Z,2.505
/data/local-files/?d=Documents/Projects/ripple-classifier/proc_data/labeling_data_test_2/data_400/data/4176_id.csv,1458,discarded,2,844,2023-04-02T16:25:12.152504Z,2023-04-02T16:25:12.152520Z,5.765
/data/local-files/?d=Documents/Projects/ripple-classifier/proc_data/labeling_data_test_2/data_400/data/4081_id.csv,1457,discarded,2,843,2023-04-02T16:25:05.984280Z,2023-04-02T16:25:05.984297Z,5.464
/data/local-files/?d=Documents/Projects/ripple-classifier/proc_data/labeling_data_test_2/data_400/data/4074_id.csv,1456,swr,2,842,2023-04-02T16:25:00.134531Z,2023-04-02T16:25:00.134556Z,2.066
/data/local-files/?d=Documents/Projects/ripple-classifier/proc_data/labeling_data_test_2/data_400/data/3945_id.csv,1455,swr,2,841,2023-04-02T16:24:57.719651Z,2023-04-02T16:24:57.719670Z,2.849
/data/local-files/?d=Documents/Projects/ripple-classifier/proc_data/labeling_data_test_2/data_400/data/388_id.csv,1454,discarded,2,840,2023-04-02T16:24:54.529288Z,2023-04-02T16:24:54.529307Z,5.599
/data/local-files/?d=Documents/Projects/ripple-classifier/proc_data/labeling_data_test_2/data_400/data/3728_id.csv,1453,swr,2,839,2023-04-02T16:24:48.567251Z,2023-04-02T16:24:48.567267Z,4.679
/data/local-files/?d=Documents/Projects/ripple-classifier/proc_data/labeling_data_test_2/data_400/data/3717_id.csv,1452,discarded,2,838,2023-04-02T16:24:43.517742Z,2023-04-02T16:24:43.517761Z,2029.551
/data/local-files/?d=Documents/Projects/ripple-classifier/proc_data/labeling_data_test_2/data_400/data/3711_id.csv,1451,cswr-1,2,837,2023-04-02T15:50:53.625835Z,2023-04-02T15:50:53.625863Z,3.66
/data/local-files/?d=Documents/Projects/ripple-classifier/proc_data/labeling_data_test_2/data_400/data/3704_id.csv,1450,swr,2,836,2023-04-02T15:50:49.638405Z,2023-04-02T15:50:49.638419Z,9.869
/data/local-files/?d=Documents/Projects/ripple-classifier/proc_data/labeling_data_test_2/data_400/data/3690_id.csv,1449,swr,2,835,2023-04-02T15:50:39.419119Z,2023-04-02T15:50:39.419144Z,3.855
/data/local-files/?d=Documents/Projects/ripple-classifier/proc_data/labeling_data_test_2/data_400/data/3684_id.csv,1448,discarded,2,834,2023-04-02T15:50:35.220490Z,2023-04-02T15:50:35.220506Z,28.15
/data/local-files/?d=Documents/Projects/ripple-classifier/proc_data/labeling_data_test_2/data_400/data/3683_id.csv,1447,swr,2,833,2023-04-02T15:50:06.690272Z,2023-04-02T15:50:06.690309Z,3.483
/data/local-files/?d=Documents/Projects/ripple-classifier/proc_data/labeling_data_test_2/data_400/data/367_id.csv,1446,discarded,2,832,2023-04-02T15:50:02.862029Z,2023-04-02T15:50:02.862044Z,4.766
/data/local-files/?d=Documents/Projects/ripple-classifier/proc_data/labeling_data_test_2/data_400/data/3674_id.csv,1445,sw,2,831,2023-04-02T15:49:57.770238Z,2023-04-02T15:49:57.770261Z,4.926
/data/local-files/?d=Documents/Projects/ripple-classifier/proc_data/labeling_data_test_2/data_400/data/3667_id.csv,1444,swr,2,830,2023-04-02T15:49:52.507814Z,2023-04-02T15:49:52.507839Z,3.416
/data/local-files/?d=Documents/Projects/ripple-classifier/proc_data/labeling_data_test_2/data_400/data/3626_id.csv,1443,swr,2,829,2023-04-02T15:49:48.726245Z,2023-04-02T15:49:48.726259Z,3.571
/data/local-files/?d=Documents/Projects/ripple-classifier/proc_data/labeling_data_test_2/data_400/data/3612_id.csv,1442,discarded,2,828,2023-04-02T15:49:44.791900Z,2023-04-02T15:49:44.791914Z,5.018
/data/local-files/?d=Documents/Projects/ripple-classifier/proc_data/labeling_data_test_2/data_400/data/35_id.csv,1441,discarded,2,827,2023-04-02T15:49:39.423109Z,2023-04-02T15:49:39.423132Z,5.814
/data/local-files/?d=Documents/Projects/ripple-classifier/proc_data/labeling_data_test_2/data_400/data/3598_id.csv,1440,cswr-1,2,826,2023-04-02T15:49:33.244727Z,2023-04-02T15:49:33.244743Z,53.342
/data/local-files/?d=Documents/Projects/ripple-classifier/proc_data/labeling_data_test_2/data_400/data/3549_id.csv,1439,swr,2,825,2023-04-02T15:48:39.509126Z,2023-04-02T15:48:39.509144Z,5.735
/data/local-files/?d=Documents/Projects/ripple-classifier/proc_data/labeling_data_test_2/data_400/data/3548_id.csv,1438,discarded,2,824,2023-04-02T15:48:33.361985Z,2023-04-02T15:48:33.362009Z,5.637
/data/local-files/?d=Documents/Projects/ripple-classifier/proc_data/labeling_data_test_2/data_400/data/3534_id.csv,1437,discarded,2,823,2023-04-02T15:48:27.360832Z,2023-04-02T15:48:27.360847Z,4.91
/data/local-files/?d=Documents/Projects/ripple-classifier/proc_data/labeling_data_test_2/data_400/data/3528_id.csv,1436,discarded,2,822,2023-04-02T15:48:22.073619Z,2023-04-02T15:48:22.073633Z,6.053
/data/local-files/?d=Documents/Projects/ripple-classifier/proc_data/labeling_data_test_2/data_400/data/3525_id.csv,1435,discarded,2,821,2023-04-02T15:48:15.577058Z,2023-04-02T15:48:15.577073Z,5.729
/data/local-files/?d=Documents/Projects/ripple-classifier/proc_data/labeling_data_test_2/data_400/data/3517_id.csv,1434,swr,2,820,2023-04-02T15:48:09.511202Z,2023-04-02T15:48:09.511231Z,3.258
/data/local-files/?d=Documents/Projects/ripple-classifier/proc_data/labeling_data_test_2/data_400/data/3507_id.csv,1433,discarded,2,819,2023-04-02T15:48:05.911814Z,2023-04-02T15:48:05.911827Z,4.943
/data/local-files/?d=Documents/Projects/ripple-classifier/proc_data/labeling_data_test_2/data_400/data/3505_id.csv,1432,cswr-2,2,818,2023-04-02T15:48:00.624771Z,2023-04-02T15:48:00.624789Z,5.364
/data/local-files/?d=Documents/Projects/ripple-classifier/proc_data/labeling_data_test_2/data_400/data/3491_id.csv,1431,swr,2,817,2023-04-02T15:47:54.931838Z,2023-04-02T15:47:54.931854Z,4.695
/data/local-files/?d=Documents/Projects/ripple-classifier/proc_data/labeling_data_test_2/data_400/data/3486_id.csv,1430,discarded,2,816,2023-04-02T15:47:49.814072Z,2023-04-02T15:47:49.814088Z,127.076
/data/local-files/?d=Documents/Projects/ripple-classifier/proc_data/labeling_data_test_2/data_400/data/3485_id.csv,1429,discarded,2,815,2023-04-02T15:45:42.333229Z,2023-04-02T15:45:42.333250Z,8.058
/data/local-files/?d=Documents/Projects/ripple-classifier/proc_data/labeling_data_test_2/data_400/data/3479_id.csv,1428,discarded,2,814,2023-04-02T15:45:33.853074Z,2023-04-02T15:45:33.853090Z,5.819
/data/local-files/?d=Documents/Projects/ripple-classifier/proc_data/labeling_data_test_2/data_400/data/3431_id.csv,1427,swr,2,813,2023-04-02T15:45:27.673379Z,2023-04-02T15:45:27.673396Z,3.199
/data/local-files/?d=Documents/Projects/ripple-classifier/proc_data/labeling_data_test_2/data_400/data/3422_id.csv,1426,sw,2,812,2023-04-02T15:45:24.138969Z,2023-04-02T15:45:24.138994Z,4.555
/data/local-files/?d=Documents/Projects/ripple-classifier/proc_data/labeling_data_test_2/data_400/data/3373_id.csv,1425,sw,2,811,2023-04-02T15:45:19.229353Z,2023-04-02T15:45:19.229367Z,5.962
/data/local-files/?d=Documents/Projects/ripple-classifier/proc_data/labeling_data_test_2/data_400/data/3334_id.csv,1424,discarded,2,810,2023-04-02T15:45:12.910476Z,2023-04-02T15:45:12.910490Z,6.784
/data/local-files/?d=Documents/Projects/ripple-classifier/proc_data/labeling_data_test_2/data_400/data/3320_id.csv,1423,sw,2,809,2023-04-02T15:45:05.765556Z,2023-04-02T15:45:05.765576Z,5.147
/data/local-files/?d=Documents/Projects/ripple-classifier/proc_data/labeling_data_test_2/data_400/data/3304_id.csv,1422,swr,2,808,2023-04-02T15:45:00.177364Z,2023-04-02T15:45:00.177383Z,9.768
/data/local-files/?d=Documents/Projects/ripple-classifier/proc_data/labeling_data_test_2/data_400/data/3265_id.csv,1421,discarded,2,807,2023-04-02T15:44:11.126877Z,2023-04-02T15:44:11.126899Z,7.361
/data/local-files/?d=Documents/Projects/ripple-classifier/proc_data/labeling_data_test_2/data_400/data/316_id.csv,1420,ripple,2,806,2023-04-02T15:44:03.394431Z,2023-04-02T15:44:03.394445Z,7.22
/data/local-files/?d=Documents/Projects/ripple-classifier/proc_data/labeling_data_test_2/data_400/data/3150_id.csv,1419,swr,2,805,2023-04-02T15:43:55.842725Z,2023-04-02T15:43:55.842741Z,4.798
/data/local-files/?d=Documents/Projects/ripple-classifier/proc_data/labeling_data_test_2/data_400/data/3116_id.csv,1418,sw,2,804,2023-04-02T15:43:50.707517Z,2023-04-02T15:43:50.707560Z,4.126
/data/local-files/?d=Documents/Projects/ripple-classifier/proc_data/labeling_data_test_2/data_400/data/3074_id.csv,1417,swr,2,803,2023-04-02T15:43:46.237340Z,2023-04-02T15:43:46.237361Z,3.628
/data/local-files/?d=Documents/Projects/ripple-classifier/proc_data/labeling_data_test_2/data_400/data/3065_id.csv,1416,swr,2,802,2023-04-02T15:43:42.261176Z,2023-04-02T15:43:42.261193Z,3.525
/data/local-files/?d=Documents/Projects/ripple-classifier/proc_data/labeling_data_test_2/data_400/data/3063_id.csv,1415,swr,2,801,2023-04-02T15:43:38.379955Z,2023-04-02T15:43:38.379984Z,3.815
/data/local-files/?d=Documents/Projects/ripple-classifier/proc_data/labeling_data_test_2/data_400/data/3062_id.csv,1414,swr,2,800,2023-04-02T15:43:34.191437Z,2023-04-02T15:43:34.191452Z,5.629
/data/local-files/?d=Documents/Projects/ripple-classifier/proc_data/labeling_data_test_2/data_400/data/3061_id.csv,1413,discarded,2,799,2023-04-02T15:43:28.096947Z,2023-04-02T15:43:28.096962Z,5.67
/data/local-files/?d=Documents/Projects/ripple-classifier/proc_data/labeling_data_test_2/data_400/data/3056_id.csv,1412,swr,2,798,2023-04-02T15:43:22.053554Z,2023-04-02T15:43:22.053573Z,4.315
/data/local-files/?d=Documents/Projects/ripple-classifier/proc_data/labeling_data_test_2/data_400/data/3049_id.csv,1411,discarded,2,797,2023-04-02T15:43:17.356200Z,2023-04-02T15:43:17.356220Z,5.141
/data/local-files/?d=Documents/Projects/ripple-classifier/proc_data/labeling_data_test_2/data_400/data/3048_id.csv,1410,discarded,2,796,2023-04-02T15:43:11.875130Z,2023-04-02T15:43:11.875149Z,5.072
/data/local-files/?d=Documents/Projects/ripple-classifier/proc_data/labeling_data_test_2/data_400/data/3047_id.csv,1409,discarded,2,795,2023-04-02T15:43:06.495253Z,2023-04-02T15:43:06.495278Z,6.766
/data/local-files/?d=Documents/Projects/ripple-classifier/proc_data/labeling_data_test_2/data_400/data/3046_id.csv,1408,swr,2,794,2023-04-02T15:42:59.357503Z,2023-04-02T15:42:59.357518Z,3.427
/data/local-files/?d=Documents/Projects/ripple-classifier/proc_data/labeling_data_test_2/data_400/data/3044_id.csv,1407,swr,2,793,2023-04-02T15:42:55.592015Z,2023-04-02T15:42:55.592036Z,3.675
/data/local-files/?d=Documents/Projects/ripple-classifier/proc_data/labeling_data_test_2/data_400/data/3039_id.csv,1406,discarded,2,792,2023-04-02T15:42:51.556224Z,2023-04-02T15:42:51.556248Z,6.77
/data/local-files/?d=Documents/Projects/ripple-classifier/proc_data/labeling_data_test_2/data_400/data/3037_id.csv,1405,discarded,2,791,2023-04-02T15:42:44.408259Z,2023-04-02T15:42:44.408281Z,23.572
/data/local-files/?d=Documents/Projects/ripple-classifier/proc_data/labeling_data_test_2/data_400/data/3025_id.csv,1404,ripple,2,790,2023-04-02T15:42:20.477296Z,2023-04-02T15:42:20.477311Z,5.421
/data/local-files/?d=Documents/Projects/ripple-classifier/proc_data/labeling_data_test_2/data_400/data/3023_id.csv,1403,ripple,2,789,2023-04-02T15:42:14.728149Z,2023-04-02T15:42:14.728164Z,5.964
/data/local-files/?d=Documents/Projects/ripple-classifier/proc_data/labeling_data_test_2/data_400/data/3021_id.csv,1402,discarded,2,788,2023-04-02T15:42:08.376721Z,2023-04-02T15:42:08.376738Z,6.801
/data/local-files/?d=Documents/Projects/ripple-classifier/proc_data/labeling_data_test_2/data_400/data/3018_id.csv,1401,sw,2,787,2023-04-02T15:42:01.208100Z,2023-04-02T15:42:01.208119Z,6.007
/data/local-files/?d=Documents/Projects/ripple-classifier/proc_data/labeling_data_test_2/data_400/data/3015_id.csv,1400,swr,2,786,2023-04-02T15:41:54.818443Z,2023-04-02T15:41:54.818458Z,6.654
/data/local-files/?d=Documents/Projects/ripple-classifier/proc_data/labeling_data_test_2/data_400/data/3011_id.csv,1399,ripple,2,785,2023-04-02T15:41:47.752806Z,2023-04-02T15:41:47.752843Z,6.752
/data/local-files/?d=Documents/Projects/ripple-classifier/proc_data/labeling_data_test_2/data_400/data/3010_id.csv,1398,swr,2,784,2023-04-02T15:41:40.688292Z,2023-04-02T15:41:40.688310Z,3.772
/data/local-files/?d=Documents/Projects/ripple-classifier/proc_data/labeling_data_test_2/data_400/data/3006_id.csv,1397,sw,2,783,2023-04-02T15:41:36.589047Z,2023-04-02T15:41:36.589064Z,4.538
/data/local-files/?d=Documents/Projects/ripple-classifier/proc_data/labeling_data_test_2/data_400/data/3005_id.csv,1396,swr,2,782,2023-04-02T15:41:31.722615Z,2023-04-02T15:41:31.722630Z,3.618
/data/local-files/?d=Documents/Projects/ripple-classifier/proc_data/labeling_data_test_2/data_400/data/3001_id.csv,1395,ripple,2,781,2023-04-02T15:41:27.757922Z,2023-04-02T15:41:27.757936Z,5.075
/data/local-files/?d=Documents/Projects/ripple-classifier/proc_data/labeling_data_test_2/data_400/data/29_id.csv,1394,cswr-1,2,780,2023-04-02T15:41:22.344770Z,2023-04-02T15:41:22.344791Z,3.967
/data/local-files/?d=Documents/Projects/ripple-classifier/proc_data/labeling_data_test_2/data_400/data/2989_id.csv,1393,swr,2,779,2023-04-02T15:41:18.038570Z,2023-04-02T15:41:18.038584Z,3.922
/data/local-files/?d=Documents/Projects/ripple-classifier/proc_data/labeling_data_test_2/data_400/data/2948_id.csv,1392,swr,2,778,2023-04-02T15:41:13.788054Z,2023-04-02T15:41:13.788073Z,3.175
/data/local-files/?d=Documents/Projects/ripple-classifier/proc_data/labeling_data_test_2/data_400/data/2942_id.csv,1391,ripple,2,777,2023-04-02T15:41:10.197633Z,2023-04-02T15:41:10.197654Z,7.396
/data/local-files/?d=Documents/Projects/ripple-classifier/proc_data/labeling_data_test_2/data_400/data/2941_id.csv,1390,discarded,2,776,2023-04-02T15:41:02.398393Z,2023-04-02T15:41:02.398417Z,4.192
/data/local-files/?d=Documents/Projects/ripple-classifier/proc_data/labeling_data_test_2/data_400/data/2827_id.csv,1389,discarded,2,775,2023-04-02T15:40:57.742717Z,2023-04-02T15:40:57.742733Z,8.334
/data/local-files/?d=Documents/Projects/ripple-classifier/proc_data/labeling_data_test_2/data_400/data/27_id.csv,1388,swr,2,774,2023-04-02T15:40:48.993850Z,2023-04-02T15:40:48.993864Z,6.295
/data/local-files/?d=Documents/Projects/ripple-classifier/proc_data/labeling_data_test_2/data_400/data/2784_id.csv,1387,swr,2,773,2023-04-02T15:40:42.325839Z,2023-04-02T15:40:42.325853Z,4.605
/data/local-files/?d=Documents/Projects/ripple-classifier/proc_data/labeling_data_test_2/data_400/data/276_id.csv,1386,discarded,2,772,2023-04-02T15:40:37.326009Z,2023-04-02T15:40:37.326024Z,4.537
/data/local-files/?d=Documents/Projects/ripple-classifier/proc_data/labeling_data_test_2/data_400/data/2732_id.csv,1385,swr,2,771,2023-04-02T15:40:32.407195Z,2023-04-02T15:40:32.407210Z,2.718
/data/local-files/?d=Documents/Projects/ripple-classifier/proc_data/labeling_data_test_2/data_400/data/271_id.csv,1384,discarded,2,770,2023-04-02T15:40:29.296474Z,2023-04-02T15:40:29.296490Z,7.248
/data/local-files/?d=Documents/Projects/ripple-classifier/proc_data/labeling_data_test_2/data_400/data/2683_id.csv,1383,swr,2,769,2023-04-02T15:40:21.577676Z,2023-04-02T15:40:21.577691Z,15.142
/data/local-files/?d=Documents/Projects/ripple-classifier/proc_data/labeling_data_test_2/data_400/data/2678_id.csv,1382,swr,2,768,2023-04-02T15:40:06.043880Z,2023-04-02T15:40:06.043896Z,6.359
/data/local-files/?d=Documents/Projects/ripple-classifier/proc_data/labeling_data_test_2/data_400/data/2661_id.csv,1381,swr,2,767,2023-04-02T15:39:59.259932Z,2023-04-02T15:39:59.259950Z,3.328
/data/local-files/?d=Documents/Projects/ripple-classifier/proc_data/labeling_data_test_2/data_400/data/2638_id.csv,1380,swr,2,766,2023-04-02T15:39:55.596176Z,2023-04-02T15:39:55.596205Z,2.636
/data/local-files/?d=Documents/Projects/ripple-classifier/proc_data/labeling_data_test_2/data_400/data/2635_id.csv,1379,cswr-1,2,765,2023-04-02T15:39:52.563359Z,2023-04-02T15:39:52.563375Z,3.243
/data/local-files/?d=Documents/Projects/ripple-classifier/proc_data/labeling_data_test_2/data_400/data/2596_id.csv,1378,swr,2,764,2023-04-02T15:39:48.943996Z,2023-04-02T15:39:48.944020Z,3.088
/data/local-files/?d=Documents/Projects/ripple-classifier/proc_data/labeling_data_test_2/data_400/data/2452_id.csv,1377,swr,2,763,2023-04-02T15:39:45.465226Z,2023-04-02T15:39:45.465241Z,3.652
/data/local-files/?d=Documents/Projects/ripple-classifier/proc_data/labeling_data_test_2/data_400/data/2416_id.csv,1376,swr,2,762,2023-04-02T15:39:41.425429Z,2023-04-02T15:39:41.425445Z,3.963
/data/local-files/?d=Documents/Projects/ripple-classifier/proc_data/labeling_data_test_2/data_400/data/2406_id.csv,1375,swr,2,761,2023-04-02T15:39:37.065647Z,2023-04-02T15:39:37.065661Z,5.543
/data/local-files/?d=Documents/Projects/ripple-classifier/proc_data/labeling_data_test_2/data_400/data/2403_id.csv,1374,sw,2,760,2023-04-02T15:39:31.081497Z,2023-04-02T15:39:31.081525Z,6.192
/data/local-files/?d=Documents/Projects/ripple-classifier/proc_data/labeling_data_test_2/data_400/data/23_id.csv,1373,swr,2,759,2023-04-02T15:39:24.494180Z,2023-04-02T15:39:24.494195Z,6.209
/data/local-files/?d=Documents/Projects/ripple-classifier/proc_data/labeling_data_test_2/data_400/data/2310_id.csv,1372,swr,2,758,2023-04-02T15:39:06.270391Z,2023-04-02T15:39:06.270406Z,4.489
/data/local-files/?d=Documents/Projects/ripple-classifier/proc_data/labeling_data_test_2/data_400/data/22_id.csv,1371,cswr-2,2,757,2023-04-02T15:39:01.468429Z,2023-04-02T15:39:01.468445Z,3.949
/data/local-files/?d=Documents/Projects/ripple-classifier/proc_data/labeling_data_test_2/data_400/data/2225_id.csv,1370,swr,2,756,2023-04-02T15:38:57.190588Z,2023-04-02T15:38:57.190620Z,2.552
/data/local-files/?d=Documents/Projects/ripple-classifier/proc_data/labeling_data_test_2/data_400/data/221_id.csv,1369,swr,2,755,2023-04-02T15:38:54.323974Z,2023-04-02T15:38:54.323990Z,21.698
/data/local-files/?d=Documents/Projects/ripple-classifier/proc_data/labeling_data_test_2/data_400/data/2166_id.csv,1368,sw,2,754,2023-04-02T15:38:32.239738Z,2023-04-02T15:38:32.239757Z,4.803
/data/local-files/?d=Documents/Projects/ripple-classifier/proc_data/labeling_data_test_2/data_400/data/2136_id.csv,1367,sw,2,753,2023-04-02T15:38:27.123106Z,2023-04-02T15:38:27.123131Z,2.915
/data/local-files/?d=Documents/Projects/ripple-classifier/proc_data/labeling_data_test_2/data_400/data/2100_id.csv,1366,sw,2,752,2023-04-02T15:38:23.845291Z,2023-04-02T15:38:23.845312Z,29.264
/data/local-files/?d=Documents/Projects/ripple-classifier/proc_data/labeling_data_test_2/data_400/data/2033_id.csv,1365,sw,2,751,2023-04-02T15:37:54.181921Z,2023-04-02T15:37:54.181939Z,3.088
/data/local-files/?d=Documents/Projects/ripple-classifier/proc_data/labeling_data_test_2/data_400/data/1936_id.csv,1364,sw,2,750,2023-04-02T15:37:50.757112Z,2023-04-02T15:37:50.757131Z,3.678
/data/local-files/?d=Documents/Projects/ripple-classifier/proc_data/labeling_data_test_2/data_400/data/1902_id.csv,1363,swr,2,749,2023-04-02T15:37:46.723872Z,2023-04-02T15:37:46.723888Z,2.205
/data/local-files/?d=Documents/Projects/ripple-classifier/proc_data/labeling_data_test_2/data_400/data/18503_id.csv,1362,sw,2,748,2023-04-02T15:37:44.097445Z,2023-04-02T15:37:44.097463Z,3.925
/data/local-files/?d=Documents/Projects/ripple-classifier/proc_data/labeling_data_test_2/data_400/data/18498_id.csv,1361,swr,2,747,2023-04-02T15:37:39.825165Z,2023-04-02T15:37:39.825180Z,2.482
/data/local-files/?d=Documents/Projects/ripple-classifier/proc_data/labeling_data_test_2/data_400/data/18474_id.csv,1360,swr,2,746,2023-04-02T15:37:36.996352Z,2023-04-02T15:37:36.996375Z,2.167
/data/local-files/?d=Documents/Projects/ripple-classifier/proc_data/labeling_data_test_2/data_400/data/18470_id.csv,1359,swr,2,745,2023-04-02T15:37:34.381336Z,2023-04-02T15:37:34.381351Z,3.141
/data/local-files/?d=Documents/Projects/ripple-classifier/proc_data/labeling_data_test_2/data_400/data/18466_id.csv,1358,swr,2,744,2023-04-02T15:37:30.848533Z,2023-04-02T15:37:30.848553Z,3.156
/data/local-files/?d=Documents/Projects/ripple-classifier/proc_data/labeling_data_test_2/data_400/data/18437_id.csv,1357,discarded,2,743,2023-04-02T15:37:27.257781Z,2023-04-02T15:37:27.257801Z,4.571
/data/local-files/?d=Documents/Projects/ripple-classifier/proc_data/labeling_data_test_2/data_400/data/18403_id.csv,1356,swr,2,742,2023-04-02T15:37:22.292876Z,2023-04-02T15:37:22.292908Z,2.787
/data/local-files/?d=Documents/Projects/ripple-classifier/proc_data/labeling_data_test_2/data_400/data/18399_id.csv,1355,swr,2,741,2023-04-02T15:37:19.043723Z,2023-04-02T15:37:19.043740Z,3.031
/data/local-files/?d=Documents/Projects/ripple-classifier/proc_data/labeling_data_test_2/data_400/data/18391_id.csv,1354,swr,2,740,2023-04-02T15:37:15.581411Z,2023-04-02T15:37:15.581429Z,2.228
/data/local-files/?d=Documents/Projects/ripple-classifier/proc_data/labeling_data_test_2/data_400/data/18387_id.csv,1353,cswr-2,2,739,2023-04-02T15:37:12.948144Z,2023-04-02T15:37:12.948167Z,5.28
/data/local-files/?d=Documents/Projects/ripple-classifier/proc_data/labeling_data_test_2/data_400/data/18383_id.csv,1352,swr,2,738,2023-04-02T15:37:07.265670Z,2023-04-02T15:37:07.265700Z,2.402
/data/local-files/?d=Documents/Projects/ripple-classifier/proc_data/labeling_data_test_2/data_400/data/18275_id.csv,1351,swr,2,737,2023-04-02T15:37:04.480537Z,2023-04-02T15:37:04.480561Z,4.669
/data/local-files/?d=Documents/Projects/ripple-classifier/proc_data/labeling_data_test_2/data_400/data/18267_id.csv,1350,swr,2,736,2023-04-02T15:36:59.410210Z,2023-04-02T15:36:59.410226Z,2.839
/data/local-files/?d=Documents/Projects/ripple-classifier/proc_data/labeling_data_test_2/data_400/data/18254_id.csv,1349,swr,2,735,2023-04-02T15:36:56.216031Z,2023-04-02T15:36:56.216049Z,6.884
/data/local-files/?d=Documents/Projects/ripple-classifier/proc_data/labeling_data_test_2/data_400/data/18203_id.csv,1348,swr,2,734,2023-04-02T15:36:48.974955Z,2023-04-02T15:36:48.974970Z,5.833
/data/local-files/?d=Documents/Projects/ripple-classifier/proc_data/labeling_data_test_2/data_400/data/18147_id.csv,1347,sw,2,733,2023-04-02T15:36:42.806797Z,2023-04-02T15:36:42.806810Z,5.475
/data/local-files/?d=Documents/Projects/ripple-classifier/proc_data/labeling_data_test_2/data_400/data/18115_id.csv,1346,swr,2,732,2023-04-02T15:36:36.939151Z,2023-04-02T15:36:36.939166Z,4.942
/data/local-files/?d=Documents/Projects/ripple-classifier/proc_data/labeling_data_test_2/data_400/data/18064_id.csv,1345,swr,2,731,2023-04-02T15:36:31.609526Z,2023-04-02T15:36:31.609541Z,9.687
/data/local-files/?d=Documents/Projects/ripple-classifier/proc_data/labeling_data_test_2/data_400/data/17999_id.csv,1344,sw,2,730,2023-04-02T15:36:21.496966Z,2023-04-02T15:36:21.496996Z,5.998
/data/local-files/?d=Documents/Projects/ripple-classifier/proc_data/labeling_data_test_2/data_400/data/17930_id.csv,1343,discarded,2,729,2023-04-02T15:36:15.052021Z,2023-04-02T15:36:15.052043Z,4.97
/data/local-files/?d=Documents/Projects/ripple-classifier/proc_data/labeling_data_test_2/data_400/data/17922_id.csv,1342,sw,2,728,2023-04-02T15:36:09.675629Z,2023-04-02T15:36:09.675652Z,3.839
/data/local-files/?d=Documents/Projects/ripple-classifier/proc_data/labeling_data_test_2/data_400/data/17905_id.csv,1341,sw,2,727,2023-04-02T15:36:05.447019Z,2023-04-02T15:36:05.447038Z,5.105
/data/local-files/?d=Documents/Projects/ripple-classifier/proc_data/labeling_data_test_2/data_400/data/178_id.csv,1340,cswr-2,2,726,2023-04-02T15:35:59.995860Z,2023-04-02T15:35:59.995876Z,5.534
/data/local-files/?d=Documents/Projects/ripple-classifier/proc_data/labeling_data_test_2/data_400/data/17893_id.csv,1339,sw,2,725,2023-04-02T15:35:54.056343Z,2023-04-02T15:35:54.056358Z,5.017
/data/local-files/?d=Documents/Projects/ripple-classifier/proc_data/labeling_data_test_2/data_400/data/17867_id.csv,1338,swr,2,724,2023-04-02T15:35:48.626432Z,2023-04-02T15:35:48.626456Z,3585.785
/data/local-files/?d=Documents/Projects/ripple-classifier/proc_data/labeling_data_test_2/data_400/data/17861_id.csv,1337,discarded,2,723,2023-04-02T14:36:02.493544Z,2023-04-02T14:36:02.493560Z,9.803
/data/local-files/?d=Documents/Projects/ripple-classifier/proc_data/labeling_data_test_2/data_400/data/17859_id.csv,1336,discarded,2,722,2023-04-02T14:35:52.339950Z,2023-04-02T14:35:52.339964Z,11.869
/data/local-files/?d=Documents/Projects/ripple-classifier/proc_data/labeling_data_test_2/data_400/data/17858_id.csv,1335,discarded,2,721,2023-04-02T14:35:40.094629Z,2023-04-02T14:35:40.094648Z,7.5
/data/local-files/?d=Documents/Projects/ripple-classifier/proc_data/labeling_data_test_2/data_400/data/17849_id.csv,1334,discarded,2,720,2023-04-02T14:35:32.144510Z,2023-04-02T14:35:32.144526Z,7.39
/data/local-files/?d=Documents/Projects/ripple-classifier/proc_data/labeling_data_test_2/data_400/data/17848_id.csv,1333,discarded,2,719,2023-04-02T14:35:24.312807Z,2023-04-02T14:35:24.312825Z,6.411
/data/local-files/?d=Documents/Projects/ripple-classifier/proc_data/labeling_data_test_2/data_400/data/17838_id.csv,1332,swr,2,718,2023-04-02T14:35:17.507110Z,2023-04-02T14:35:17.507128Z,4.749
/data/local-files/?d=Documents/Projects/ripple-classifier/proc_data/labeling_data_test_2/data_400/data/17836_id.csv,1331,sw,2,717,2023-04-02T14:35:12.422824Z,2023-04-02T14:35:12.422841Z,7.557
/data/local-files/?d=Documents/Projects/ripple-classifier/proc_data/labeling_data_test_2/data_400/data/17832_id.csv,1330,swr,2,716,2023-04-02T14:35:04.539818Z,2023-04-02T14:35:04.539848Z,5.318
/data/local-files/?d=Documents/Projects/ripple-classifier/proc_data/labeling_data_test_2/data_400/data/17830_id.csv,1329,discarded,2,715,2023-04-02T14:34:58.868689Z,2023-04-02T14:34:58.868704Z,5.53
/data/local-files/?d=Documents/Projects/ripple-classifier/proc_data/labeling_data_test_2/data_400/data/17829_id.csv,1328,swr,2,714,2023-04-02T14:34:53.002173Z,2023-04-02T14:34:53.002192Z,7.121
/data/local-files/?d=Documents/Projects/ripple-classifier/proc_data/labeling_data_test_2/data_400/data/17827_id.csv,1327,discarded,2,713,2023-04-02T14:34:45.560361Z,2023-04-02T14:34:45.560383Z,6.011
/data/local-files/?d=Documents/Projects/ripple-classifier/proc_data/labeling_data_test_2/data_400/data/17811_id.csv,1326,discarded,2,712,2023-04-02T14:34:39.226299Z,2023-04-02T14:34:39.226318Z,6.808
/data/local-files/?d=Documents/Projects/ripple-classifier/proc_data/labeling_data_test_2/data_400/data/17800_id.csv,1325,discarded,2,711,2023-04-02T14:34:32.042632Z,2023-04-02T14:34:32.042648Z,11.657
/data/local-files/?d=Documents/Projects/ripple-classifier/proc_data/labeling_data_test_2/data_400/data/17795_id.csv,1324,swr,2,710,2023-04-02T14:34:19.994427Z,2023-04-02T14:34:19.994441Z,6.481
/data/local-files/?d=Documents/Projects/ripple-classifier/proc_data/labeling_data_test_2/data_400/data/17792_id.csv,1323,discarded,2,709,2023-04-02T14:34:13.127314Z,2023-04-02T14:34:13.127333Z,7.594
/data/local-files/?d=Documents/Projects/ripple-classifier/proc_data/labeling_data_test_2/data_400/data/17762_id.csv,1322,swr,2,708,2023-04-02T14:34:05.186949Z,2023-04-02T14:34:05.186964Z,4.396
/data/local-files/?d=Documents/Projects/ripple-classifier/proc_data/labeling_data_test_2/data_400/data/17758_id.csv,1321,swr,2,707,2023-04-02T14:34:00.434171Z,2023-04-02T14:34:00.434194Z,4.704
/data/local-files/?d=Documents/Projects/ripple-classifier/proc_data/labeling_data_test_2/data_400/data/17739_id.csv,1320,swr,2,706,2023-04-02T14:33:55.373825Z,2023-04-02T14:33:55.373842Z,4.745
/data/local-files/?d=Documents/Projects/ripple-classifier/proc_data/labeling_data_test_2/data_400/data/17733_id.csv,1319,sw,2,705,2023-04-02T14:33:50.287452Z,2023-04-02T14:33:50.287479Z,6.932
/data/local-files/?d=Documents/Projects/ripple-classifier/proc_data/labeling_data_test_2/data_400/data/17725_id.csv,1318,cswr-2,2,704,2023-04-02T14:33:43.003564Z,2023-04-02T14:33:43.003582Z,12.238
/data/local-files/?d=Documents/Projects/ripple-classifier/proc_data/labeling_data_test_2/data_400/data/17716_id.csv,1317,swr,2,703,2023-04-02T14:33:30.433559Z,2023-04-02T14:33:30.433575Z,3.939
/data/local-files/?d=Documents/Projects/ripple-classifier/proc_data/labeling_data_test_2/data_400/data/17579_id.csv,1316,swr,2,702,2023-04-02T14:33:26.178354Z,2023-04-02T14:33:26.178375Z,3.761
/data/local-files/?d=Documents/Projects/ripple-classifier/proc_data/labeling_data_test_2/data_400/data/17552_id.csv,1315,swr,2,701,2023-04-02T14:33:22.049765Z,2023-04-02T14:33:22.049799Z,8.851
/data/local-files/?d=Documents/Projects/ripple-classifier/proc_data/labeling_data_test_2/data_400/data/1753_id.csv,1314,sw,2,700,2023-04-02T14:33:12.729218Z,2023-04-02T14:33:12.729235Z,8.423
/data/local-files/?d=Documents/Projects/ripple-classifier/proc_data/labeling_data_test_2/data_400/data/17399_id.csv,1313,swr,2,699,2023-04-02T14:33:03.876254Z,2023-04-02T14:33:03.876278Z,5.251
/data/local-files/?d=Documents/Projects/ripple-classifier/proc_data/labeling_data_test_2/data_400/data/17398_id.csv,1312,cswr-1,2,698,2023-04-02T14:32:58.287596Z,2023-04-02T14:32:58.287613Z,6.116
/data/local-files/?d=Documents/Projects/ripple-classifier/proc_data/labeling_data_test_2/data_400/data/17381_id.csv,1311,cswr-2,2,697,2023-04-02T14:32:51.867289Z,2023-04-02T14:32:51.867303Z,6.745
/data/local-files/?d=Documents/Projects/ripple-classifier/proc_data/labeling_data_test_2/data_400/data/17371_id.csv,1310,ripple,2,696,2023-04-02T14:32:44.774395Z,2023-04-02T14:32:44.774412Z,16.636
/data/local-files/?d=Documents/Projects/ripple-classifier/proc_data/labeling_data_test_2/data_400/data/17349_id.csv,1309,swr,2,695,2023-04-02T14:32:27.808802Z,2023-04-02T14:32:27.808830Z,4.695
/data/local-files/?d=Documents/Projects/ripple-classifier/proc_data/labeling_data_test_2/data_400/data/17306_id.csv,1308,discarded,2,694,2023-04-02T14:32:22.743890Z,2023-04-02T14:32:22.743914Z,76.15
/data/local-files/?d=Documents/Projects/ripple-classifier/proc_data/labeling_data_test_2/data_400/data/17289_id.csv,1307,cswr-1,2,693,2023-04-02T14:31:06.174811Z,2023-04-02T14:31:06.174825Z,6.738
/data/local-files/?d=Documents/Projects/ripple-classifier/proc_data/labeling_data_test_2/data_400/data/17263_id.csv,1306,swr,2,692,2023-04-02T14:30:59.038641Z,2023-04-02T14:30:59.038656Z,7.698
/data/local-files/?d=Documents/Projects/ripple-classifier/proc_data/labeling_data_test_2/data_400/data/1724_id.csv,1305,swr,2,691,2023-04-02T14:30:51.017888Z,2023-04-02T14:30:51.017905Z,7.839
/data/local-files/?d=Documents/Projects/ripple-classifier/proc_data/labeling_data_test_2/data_400/data/17181_id.csv,1304,swr,2,690,2023-04-02T14:30:42.834960Z,2023-04-02T14:30:42.834976Z,7.294
/data/local-files/?d=Documents/Projects/ripple-classifier/proc_data/labeling_data_test_2/data_400/data/17179_id.csv,1303,sw,2,689,2023-04-02T14:30:35.187443Z,2023-04-02T14:30:35.187457Z,4.021
/data/local-files/?d=Documents/Projects/ripple-classifier/proc_data/labeling_data_test_2/data_400/data/1715_id.csv,1302,swr,2,688,2023-04-02T14:30:30.845800Z,2023-04-02T14:30:30.845817Z,6.698
/data/local-files/?d=Documents/Projects/ripple-classifier/proc_data/labeling_data_test_2/data_400/data/17071_id.csv,1301,swr,2,687,2023-04-02T14:30:23.769860Z,2023-04-02T14:30:23.769883Z,6.981
/data/local-files/?d=Documents/Projects/ripple-classifier/proc_data/labeling_data_test_2/data_400/data/16977_id.csv,1300,sw,2,686,2023-04-02T14:30:16.370847Z,2023-04-02T14:30:16.370864Z,7.216
/data/local-files/?d=Documents/Projects/ripple-classifier/proc_data/labeling_data_test_2/data_400/data/16834_id.csv,1299,swr,2,685,2023-04-02T14:30:08.757379Z,2023-04-02T14:30:08.757398Z,4.912
/data/local-files/?d=Documents/Projects/ripple-classifier/proc_data/labeling_data_test_2/data_400/data/1667_id.csv,1298,cswr-1,2,684,2023-04-02T14:30:03.399788Z,2023-04-02T14:30:03.399808Z,7.143
/data/local-files/?d=Documents/Projects/ripple-classifier/proc_data/labeling_data_test_2/data_400/data/16654_id.csv,1297,sw,2,683,2023-04-02T14:29:55.841752Z,2023-04-02T14:29:55.841767Z,7.08
/data/local-files/?d=Documents/Projects/ripple-classifier/proc_data/labeling_data_test_2/data_400/data/16653_id.csv,1296,cswr-1,2,682,2023-04-02T14:29:48.394200Z,2023-04-02T14:29:48.394223Z,17.68
/data/local-files/?d=Documents/Projects/ripple-classifier/proc_data/labeling_data_test_2/data_400/data/1660_id.csv,1295,discarded,2,681,2023-04-02T14:29:30.302915Z,2023-04-02T14:29:30.302934Z,7.208
/data/local-files/?d=Documents/Projects/ripple-classifier/proc_data/labeling_data_test_2/data_400/data/16588_id.csv,1294,swr,2,680,2023-04-02T14:29:22.671585Z,2023-04-02T14:29:22.671601Z,5.9
/data/local-files/?d=Documents/Projects/ripple-classifier/proc_data/labeling_data_test_2/data_400/data/16505_id.csv,1293,swr,2,679,2023-04-02T14:29:16.358709Z,2023-04-02T14:29:16.358742Z,3.626
/data/local-files/?d=Documents/Projects/ripple-classifier/proc_data/labeling_data_test_2/data_400/data/16487_id.csv,1292,swr,2,678,2023-04-02T14:29:12.328921Z,2023-04-02T14:29:12.328948Z,3.784
/data/local-files/?d=Documents/Projects/ripple-classifier/proc_data/labeling_data_test_2/data_400/data/1642_id.csv,1291,swr,2,677,2023-04-02T14:29:08.125669Z,2023-04-02T14:29:08.125687Z,5.955
/data/local-files/?d=Documents/Projects/ripple-classifier/proc_data/labeling_data_test_2/data_400/data/16403_id.csv,1290,cswr-1,2,676,2023-04-02T14:29:01.654212Z,2023-04-02T14:29:01.654230Z,7.785
/data/local-files/?d=Documents/Projects/ripple-classifier/proc_data/labeling_data_test_2/data_400/data/16385_id.csv,1289,ripple,2,675,2023-04-02T14:28:53.441201Z,2023-04-02T14:28:53.441219Z,9.716
/data/local-files/?d=Documents/Projects/ripple-classifier/proc_data/labeling_data_test_2/data_400/data/16383_id.csv,1288,ripple,2,674,2023-04-02T14:28:43.374218Z,2023-04-02T14:28:43.374234Z,9.634
/data/local-files/?d=Documents/Projects/ripple-classifier/proc_data/labeling_data_test_2/data_400/data/16371_id.csv,1287,ripple,2,673,2023-04-02T14:28:33.383340Z,2023-04-02T14:28:33.383361Z,5.78
/data/local-files/?d=Documents/Projects/ripple-classifier/proc_data/labeling_data_test_2/data_400/data/16368_id.csv,1286,sw,2,672,2023-04-02T14:28:27.213815Z,2023-04-02T14:28:27.213833Z,8.837
/data/local-files/?d=Documents/Projects/ripple-classifier/proc_data/labeling_data_test_2/data_400/data/16361_id.csv,1285,cswr-1,2,671,2023-04-02T14:28:18.008559Z,2023-04-02T14:28:18.008575Z,5.035
/data/local-files/?d=Documents/Projects/ripple-classifier/proc_data/labeling_data_test_2/data_400/data/16312_id.csv,1284,discarded,2,670,2023-04-02T14:28:12.633283Z,2023-04-02T14:28:12.633302Z,5.021
/data/local-files/?d=Documents/Projects/ripple-classifier/proc_data/labeling_data_test_2/data_400/data/16304_id.csv,1283,cswr-1,2,669,2023-04-02T14:28:07.262785Z,2023-04-02T14:28:07.262803Z,4.478
/data/local-files/?d=Documents/Projects/ripple-classifier/proc_data/labeling_data_test_2/data_400/data/1629_id.csv,1282,discarded,2,668,2023-04-02T14:28:02.433984Z,2023-04-02T14:28:02.434004Z,4.696
/data/local-files/?d=Documents/Projects/ripple-classifier/proc_data/labeling_data_test_2/data_400/data/16299_id.csv,1281,swr,2,667,2023-04-02T14:27:57.329513Z,2023-04-02T14:27:57.329539Z,7.781
/data/local-files/?d=Documents/Projects/ripple-classifier/proc_data/labeling_data_test_2/data_400/data/16267_id.csv,1280,ripple,2,666,2023-04-02T14:27:49.104082Z,2023-04-02T14:27:49.104104Z,8.052
/data/local-files/?d=Documents/Projects/ripple-classifier/proc_data/labeling_data_test_2/data_400/data/16259_id.csv,1279,cswr-2,2,665,2023-04-02T14:27:40.713480Z,2023-04-02T14:27:40.713496Z,6.77
/data/local-files/?d=Documents/Projects/ripple-classifier/proc_data/labeling_data_test_2/data_400/data/16236_id.csv,1278,cswr-2,2,664,2023-04-02T14:27:33.580469Z,2023-04-02T14:27:33.580483Z,6.061
/data/local-files/?d=Documents/Projects/ripple-classifier/proc_data/labeling_data_test_2/data_400/data/16220_id.csv,1277,sw,2,663,2023-04-02T14:27:27.149992Z,2023-04-02T14:27:27.150010Z,9.089
/data/local-files/?d=Documents/Projects/ripple-classifier/proc_data/labeling_data_test_2/data_400/data/1621_id.csv,1276,cswr-2,2,662,2023-04-02T14:27:17.668174Z,2023-04-02T14:27:17.668189Z,3.776
/data/local-files/?d=Documents/Projects/ripple-classifier/proc_data/labeling_data_test_2/data_400/data/16206_id.csv,1275,swr,2,661,2023-04-02T14:27:13.544983Z,2023-04-02T14:27:13.545012Z,3.53
/data/local-files/?d=Documents/Projects/ripple-classifier/proc_data/labeling_data_test_2/data_400/data/16166_id.csv,1274,swr,2,660,2023-04-02T14:27:09.662401Z,2023-04-02T14:27:09.662416Z,5.529
/data/local-files/?d=Documents/Projects/ripple-classifier/proc_data/labeling_data_test_2/data_400/data/1615_id.csv,1273,swr,2,659,2023-04-02T14:27:03.767622Z,2023-04-02T14:27:03.767637Z,4.683
/data/local-files/?d=Documents/Projects/ripple-classifier/proc_data/labeling_data_test_2/data_400/data/16153_id.csv,1272,swr,2,658,2023-04-02T14:26:58.714063Z,2023-04-02T14:26:58.714080Z,3.553
/data/local-files/?d=Documents/Projects/ripple-classifier/proc_data/labeling_data_test_2/data_400/data/16132_id.csv,1271,swr,2,657,2023-04-02T14:26:54.770543Z,2023-04-02T14:26:54.770565Z,3.696
/data/local-files/?d=Documents/Projects/ripple-classifier/proc_data/labeling_data_test_2/data_400/data/16085_id.csv,1270,cswr-1,2,656,2023-04-02T14:26:50.620749Z,2023-04-02T14:26:50.620765Z,6.46
/data/local-files/?d=Documents/Projects/ripple-classifier/proc_data/labeling_data_test_2/data_400/data/16022_id.csv,1269,swr,2,655,2023-04-02T14:26:43.719700Z,2023-04-02T14:26:43.719714Z,3.918
/data/local-files/?d=Documents/Projects/ripple-classifier/proc_data/labeling_data_test_2/data_400/data/16009_id.csv,1268,swr,2,654,2023-04-02T14:26:39.396574Z,2023-04-02T14:26:39.396592Z,7.531
/data/local-files/?d=Documents/Projects/ripple-classifier/proc_data/labeling_data_test_2/data_400/data/15995_id.csv,1267,cswr-1,2,653,2023-04-02T14:26:31.443947Z,2023-04-02T14:26:31.443962Z,4.906
/data/local-files/?d=Documents/Projects/ripple-classifier/proc_data/labeling_data_test_2/data_400/data/15992_id.csv,1266,swr,2,652,2023-04-02T14:26:26.221675Z,2023-04-02T14:26:26.221702Z,3.324
/data/local-files/?d=Documents/Projects/ripple-classifier/proc_data/labeling_data_test_2/data_400/data/15893_id.csv,1265,swr,2,651,2023-04-02T14:26:22.535091Z,2023-04-02T14:26:22.535111Z,4.018
/data/local-files/?d=Documents/Projects/ripple-classifier/proc_data/labeling_data_test_2/data_400/data/15844_id.csv,1264,swr,2,650,2023-04-02T14:26:18.158439Z,2023-04-02T14:26:18.158457Z,4.441
/data/local-files/?d=Documents/Projects/ripple-classifier/proc_data/labeling_data_test_2/data_400/data/15793_id.csv,1263,cswr-1,2,649,2023-04-02T14:26:13.350283Z,2023-04-02T14:26:13.350300Z,22.05
/data/local-files/?d=Documents/Projects/ripple-classifier/proc_data/labeling_data_test_2/data_400/data/15719_id.csv,1262,swr,2,648,2023-04-02T14:25:50.962508Z,2023-04-02T14:25:50.962536Z,4.627
/data/local-files/?d=Documents/Projects/ripple-classifier/proc_data/labeling_data_test_2/data_400/data/1568_id.csv,1261,swr,2,647,2023-04-02T14:25:45.921838Z,2023-04-02T14:25:45.921853Z,4.434
/data/local-files/?d=Documents/Projects/ripple-classifier/proc_data/labeling_data_test_2/data_400/data/15666_id.csv,1260,swr,2,646,2023-04-02T14:25:41.065736Z,2023-04-02T14:25:41.065772Z,4.249
/data/local-files/?d=Documents/Projects/ripple-classifier/proc_data/labeling_data_test_2/data_400/data/1548_id.csv,1259,cswr-2,2,645,2023-04-02T14:25:36.467231Z,2023-04-02T14:25:36.467255Z,3.976
/data/local-files/?d=Documents/Projects/ripple-classifier/proc_data/labeling_data_test_2/data_400/data/15478_id.csv,1258,swr,2,644,2023-04-02T14:25:32.159795Z,2023-04-02T14:25:32.159831Z,3.772
/data/local-files/?d=Documents/Projects/ripple-classifier/proc_data/labeling_data_test_2/data_400/data/15433_id.csv,1257,swr,2,643,2023-04-02T14:25:28.046473Z,2023-04-02T14:25:28.046490Z,2.765
/data/local-files/?d=Documents/Projects/ripple-classifier/proc_data/labeling_data_test_2/data_400/data/15240_id.csv,1256,cswr-1,2,642,2023-04-02T14:25:24.951194Z,2023-04-02T14:25:24.951209Z,7.518
/data/local-files/?d=Documents/Projects/ripple-classifier/proc_data/labeling_data_test_2/data_400/data/15203_id.csv,1255,swr,2,641,2023-04-02T14:25:17.094397Z,2023-04-02T14:25:17.094413Z,2.774
/data/local-files/?d=Documents/Projects/ripple-classifier/proc_data/labeling_data_test_2/data_400/data/151_id.csv,1254,swr,2,640,2023-04-02T14:25:13.980384Z,2023-04-02T14:25:13.980406Z,3.368
/data/local-files/?d=Documents/Projects/ripple-classifier/proc_data/labeling_data_test_2/data_400/data/1514_id.csv,1253,swr,2,639,2023-04-02T14:25:10.279252Z,2023-04-02T14:25:10.279273Z,3.909
/data/local-files/?d=Documents/Projects/ripple-classifier/proc_data/labeling_data_test_2/data_400/data/1511_id.csv,1252,swr,2,638,2023-04-02T14:25:05.930558Z,2023-04-02T14:25:05.930573Z,5.191
/data/local-files/?d=Documents/Projects/ripple-classifier/proc_data/labeling_data_test_2/data_400/data/15111_id.csv,1251,swr,2,637,2023-04-02T14:25:00.319021Z,2023-04-02T14:25:00.319036Z,3.258
/data/local-files/?d=Documents/Projects/ripple-classifier/proc_data/labeling_data_test_2/data_400/data/1493_id.csv,1250,cswr-2,2,636,2023-04-02T14:24:56.665818Z,2023-04-02T14:24:56.665834Z,10.947
/data/local-files/?d=Documents/Projects/ripple-classifier/proc_data/labeling_data_test_2/data_400/data/14878_id.csv,1249,swr,2,635,2023-04-02T14:24:45.328466Z,2023-04-02T14:24:45.328497Z,5.688
/data/local-files/?d=Documents/Projects/ripple-classifier/proc_data/labeling_data_test_2/data_400/data/1474_id.csv,1248,swr,2,634,2023-04-02T14:24:39.277477Z,2023-04-02T14:24:39.277491Z,6.805
/data/local-files/?d=Documents/Projects/ripple-classifier/proc_data/labeling_data_test_2/data_400/data/14626_id.csv,1247,discarded,2,633,2023-04-02T14:24:32.137136Z,2023-04-02T14:24:32.137152Z,5.257
/data/local-files/?d=Documents/Projects/ripple-classifier/proc_data/labeling_data_test_2/data_400/data/14580_id.csv,1246,sw,2,632,2023-04-02T14:24:26.510243Z,2023-04-02T14:24:26.510258Z,6.834
/data/local-files/?d=Documents/Projects/ripple-classifier/proc_data/labeling_data_test_2/data_400/data/14563_id.csv,1245,sw,2,631,2023-04-02T14:24:19.355525Z,2023-04-02T14:24:19.355554Z,11.607
/data/local-files/?d=Documents/Projects/ripple-classifier/proc_data/labeling_data_test_2/data_400/data/14556_id.csv,1244,sw,2,630,2023-04-02T14:24:07.409717Z,2023-04-02T14:24:07.409733Z,5.938
/data/local-files/?d=Documents/Projects/ripple-classifier/proc_data/labeling_data_test_2/data_400/data/14521_id.csv,1243,swr,2,629,2023-04-02T14:24:01.112222Z,2023-04-02T14:24:01.112254Z,8.675
/data/local-files/?d=Documents/Projects/ripple-classifier/proc_data/labeling_data_test_2/data_400/data/14390_id.csv,1242,sw,2,628,2023-04-02T14:23:52.046168Z,2023-04-02T14:23:52.046183Z,153.635
/data/local-files/?d=Documents/Projects/ripple-classifier/proc_data/labeling_data_test_2/data_400/data/1434_id.csv,1241,swr,2,627,2023-04-02T14:21:17.961422Z,2023-04-02T14:21:17.961441Z,11.431
/data/local-files/?d=Documents/Projects/ripple-classifier/proc_data/labeling_data_test_2/data_400/data/142_id.csv,1240,swr,2,626,2023-04-02T14:21:06.095629Z,2023-04-02T14:21:06.095647Z,3.961
/data/local-files/?d=Documents/Projects/ripple-classifier/proc_data/labeling_data_test_2/data_400/data/1397_id.csv,1239,cswr-2,2,625,2023-04-02T14:21:01.819041Z,2023-04-02T14:21:01.819060Z,4.19
/data/local-files/?d=Documents/Projects/ripple-classifier/proc_data/labeling_data_test_2/data_400/data/1389_id.csv,1238,cswr-2,2,624,2023-04-02T14:20:57.293346Z,2023-04-02T14:20:57.293373Z,7.79
/data/local-files/?d=Documents/Projects/ripple-classifier/proc_data/labeling_data_test_2/data_400/data/13897_id.csv,1237,discarded,2,623,2023-04-02T14:20:49.138373Z,2023-04-02T14:20:49.138392Z,6.052
/data/local-files/?d=Documents/Projects/ripple-classifier/proc_data/labeling_data_test_2/data_400/data/1370_id.csv,1236,swr,2,622,2023-04-02T14:20:42.732697Z,2023-04-02T14:20:42.732723Z,4.122
/data/local-files/?d=Documents/Projects/ripple-classifier/proc_data/labeling_data_test_2/data_400/data/1356_id.csv,1235,cswr-2,2,621,2023-04-02T14:20:38.254396Z,2023-04-02T14:20:38.254412Z,7.445
/data/local-files/?d=Documents/Projects/ripple-classifier/proc_data/labeling_data_test_2/data_400/data/13516_id.csv,1234,swr,2,620,2023-04-02T14:20:30.391745Z,2023-04-02T14:20:30.391761Z,14.612
/data/local-files/?d=Documents/Projects/ripple-classifier/proc_data/labeling_data_test_2/data_400/data/13445_id.csv,1233,discarded,2,619,2023-04-02T14:20:15.338126Z,2023-04-02T14:20:15.338142Z,5.991
/data/local-files/?d=Documents/Projects/ripple-classifier/proc_data/labeling_data_test_2/data_400/data/1328_id.csv,1232,discarded,2,618,2023-04-02T14:20:08.985326Z,2023-04-02T14:20:08.985345Z,6.772
/data/local-files/?d=Documents/Projects/ripple-classifier/proc_data/labeling_data_test_2/data_400/data/13217_id.csv,1231,swr,2,617,2023-04-02T14:20:01.724740Z,2023-04-02T14:20:01.724767Z,7.101
/data/local-files/?d=Documents/Projects/ripple-classifier/proc_data/labeling_data_test_2/data_400/data/13185_id.csv,1230,discarded,2,616,2023-04-02T14:19:54.265524Z,2023-04-02T14:19:54.265544Z,5.598
/data/local-files/?d=Documents/Projects/ripple-classifier/proc_data/labeling_data_test_2/data_400/data/12923_id.csv,1229,swr,2,615,2023-04-02T14:19:48.356600Z,2023-04-02T14:19:48.356632Z,5.834
/data/local-files/?d=Documents/Projects/ripple-classifier/proc_data/labeling_data_test_2/data_400/data/12899_id.csv,1228,swr,2,614,2023-04-02T14:19:42.169151Z,2023-04-02T14:19:42.169172Z,8.753
/data/local-files/?d=Documents/Projects/ripple-classifier/proc_data/labeling_data_test_2/data_400/data/1288_id.csv,1227,discarded,2,613,2023-04-02T14:19:33.085177Z,2023-04-02T14:19:33.085192Z,5.882
/data/local-files/?d=Documents/Projects/ripple-classifier/proc_data/labeling_data_test_2/data_400/data/12872_id.csv,1226,discarded,2,612,2023-04-02T14:19:26.812367Z,2023-04-02T14:19:26.812390Z,45.829
/data/local-files/?d=Documents/Projects/ripple-classifier/proc_data/labeling_data_test_2/data_400/data/12871_id.csv,1225,discarded,2,611,2023-04-02T14:18:40.656772Z,2023-04-02T14:18:40.656787Z,6.554
/data/local-files/?d=Documents/Projects/ripple-classifier/proc_data/labeling_data_test_2/data_400/data/12852_id.csv,1224,discarded,2,610,2023-04-02T14:18:33.773971Z,2023-04-02T14:18:33.773992Z,8.034
/data/local-files/?d=Documents/Projects/ripple-classifier/proc_data/labeling_data_test_2/data_400/data/12844_id.csv,1223,swr,2,609,2023-04-02T14:18:25.342595Z,2023-04-02T14:18:25.342619Z,13.06
/data/local-files/?d=Documents/Projects/ripple-classifier/proc_data/labeling_data_test_2/data_400/data/12828_id.csv,1222,swr,2,608,2023-04-02T14:18:11.896244Z,2023-04-02T14:18:11.896259Z,11.28
/data/local-files/?d=Documents/Projects/ripple-classifier/proc_data/labeling_data_test_2/data_400/data/12809_id.csv,1221,ripple,2,607,2023-04-02T14:18:00.258577Z,2023-04-02T14:18:00.258595Z,7.273
/data/local-files/?d=Documents/Projects/ripple-classifier/proc_data/labeling_data_test_2/data_400/data/12745_id.csv,1220,swr,2,606,2023-04-02T14:17:52.645230Z,2023-04-02T14:17:52.645250Z,6.44
/data/local-files/?d=Documents/Projects/ripple-classifier/proc_data/labeling_data_test_2/data_400/data/12731_id.csv,1219,swr,2,605,2023-04-02T14:17:45.851895Z,2023-04-02T14:17:45.851911Z,6.108
/data/local-files/?d=Documents/Projects/ripple-classifier/proc_data/labeling_data_test_2/data_400/data/12725_id.csv,1218,discarded,2,604,2023-04-02T14:17:39.386423Z,2023-04-02T14:17:39.386437Z,7.801
/data/local-files/?d=Documents/Projects/ripple-classifier/proc_data/labeling_data_test_2/data_400/data/12698_id.csv,1217,ripple,2,603,2023-04-02T14:17:31.178625Z,2023-04-02T14:17:31.178652Z,10.659
/data/local-files/?d=Documents/Projects/ripple-classifier/proc_data/labeling_data_test_2/data_400/data/12657_id.csv,1216,discarded,2,602,2023-04-02T14:17:20.142178Z,2023-04-02T14:17:20.142193Z,6.335
/data/local-files/?d=Documents/Projects/ripple-classifier/proc_data/labeling_data_test_2/data_400/data/12656_id.csv,1215,discarded,2,601,2023-04-02T14:17:13.412604Z,2023-04-02T14:17:13.412621Z,7.645
/data/local-files/?d=Documents/Projects/ripple-classifier/proc_data/labeling_data_test_2/data_400/data/12651_id.csv,1214,swr,2,600,2023-04-02T14:17:05.441489Z,2023-04-02T14:17:05.441506Z,5.045
/data/local-files/?d=Documents/Projects/ripple-classifier/proc_data/labeling_data_test_2/data_400/data/12643_id.csv,1213,sw,2,599,2023-04-02T14:17:00.056851Z,2023-04-02T14:17:00.056867Z,8.799
/data/local-files/?d=Documents/Projects/ripple-classifier/proc_data/labeling_data_test_2/data_400/data/12641_id.csv,1212,sw,2,598,2023-04-02T14:16:50.875203Z,2023-04-02T14:16:50.875218Z,10.289
/data/local-files/?d=Documents/Projects/ripple-classifier/proc_data/labeling_data_test_2/data_400/data/12603_id.csv,1211,discarded,2,597,2023-04-02T14:16:40.184882Z,2023-04-02T14:16:40.184900Z,9.647
/data/local-files/?d=Documents/Projects/ripple-classifier/proc_data/labeling_data_test_2/data_400/data/12600_id.csv,1210,cswr-2,2,596,2023-04-02T14:16:30.148771Z,2023-04-02T14:16:30.148788Z,6.213
/data/local-files/?d=Documents/Projects/ripple-classifier/proc_data/labeling_data_test_2/data_400/data/12554_id.csv,1209,swr,2,595,2023-04-02T14:16:23.544638Z,2023-04-02T14:16:23.544654Z,3.511
/data/local-files/?d=Documents/Projects/ripple-classifier/proc_data/labeling_data_test_2/data_400/data/12540_id.csv,1208,swr,2,594,2023-04-02T14:16:19.635867Z,2023-04-02T14:16:19.635896Z,3.383
/data/local-files/?d=Documents/Projects/ripple-classifier/proc_data/labeling_data_test_2/data_400/data/1251_id.csv,1207,swr,2,593,2023-04-02T14:16:15.876160Z,2023-04-02T14:16:15.876178Z,2.797
/data/local-files/?d=Documents/Projects/ripple-classifier/proc_data/labeling_data_test_2/data_400/data/12470_id.csv,1206,swr,2,592,2023-04-02T14:16:12.705640Z,2023-04-02T14:16:12.705659Z,3.788
/data/local-files/?d=Documents/Projects/ripple-classifier/proc_data/labeling_data_test_2/data_400/data/12444_id.csv,1205,cswr-1,2,591,2023-04-02T14:16:08.585302Z,2023-04-02T14:16:08.585324Z,3.879
/data/local-files/?d=Documents/Projects/ripple-classifier/proc_data/labeling_data_test_2/data_400/data/12433_id.csv,1204,swr,2,590,2023-04-02T14:16:04.355792Z,2023-04-02T14:16:04.355808Z,3.248
/data/local-files/?d=Documents/Projects/ripple-classifier/proc_data/labeling_data_test_2/data_400/data/1239_id.csv,1203,cswr-1,2,589,2023-04-02T14:16:00.707031Z,2023-04-02T14:16:00.707061Z,6.363
/data/local-files/?d=Documents/Projects/ripple-classifier/proc_data/labeling_data_test_2/data_400/data/12396_id.csv,1202,swr,2,588,2023-04-02T14:15:54.000083Z,2023-04-02T14:15:54.000096Z,3.267
/data/local-files/?d=Documents/Projects/ripple-classifier/proc_data/labeling_data_test_2/data_400/data/1238_id.csv,1201,cswr-1,2,587,2023-04-02T14:15:50.338565Z,2023-04-02T14:15:50.338580Z,4.947
/data/local-files/?d=Documents/Projects/ripple-classifier/proc_data/labeling_data_test_2/data_400/data/12388_id.csv,1200,cswr-1,2,586,2023-04-02T14:15:44.957214Z,2023-04-02T14:15:44.957229Z,8.129
/data/local-files/?d=Documents/Projects/ripple-classifier/proc_data/labeling_data_test_2/data_400/data/12234_id.csv,1199,swr,2,585,2023-04-02T14:15:36.431972Z,2023-04-02T14:15:36.431993Z,4.267
/data/local-files/?d=Documents/Projects/ripple-classifier/proc_data/labeling_data_test_2/data_400/data/12178_id.csv,1198,swr,2,584,2023-04-02T14:15:31.809480Z,2023-04-02T14:15:31.809494Z,4.077
/data/local-files/?d=Documents/Projects/ripple-classifier/proc_data/labeling_data_test_2/data_400/data/12176_id.csv,1197,swr,2,583,2023-04-02T14:15:27.406242Z,2023-04-02T14:15:27.406270Z,3.739
/data/local-files/?d=Documents/Projects/ripple-classifier/proc_data/labeling_data_test_2/data_400/data/12111_id.csv,1196,swr,2,582,2023-04-02T14:15:23.349101Z,2023-04-02T14:15:23.349133Z,3.204
/data/local-files/?d=Documents/Projects/ripple-classifier/proc_data/labeling_data_test_2/data_400/data/12104_id.csv,1195,swr,2,581,2023-04-02T14:15:19.774389Z,2023-04-02T14:15:19.774403Z,4.128
/data/local-files/?d=Documents/Projects/ripple-classifier/proc_data/labeling_data_test_2/data_400/data/118_id.csv,1194,cswr-1,2,580,2023-04-02T14:15:15.254240Z,2023-04-02T14:15:15.254269Z,12.909
/data/local-files/?d=Documents/Projects/ripple-classifier/proc_data/labeling_data_test_2/data_400/data/1175_id.csv,1193,swr,2,579,2023-04-02T14:15:01.862759Z,2023-04-02T14:15:01.862781Z,7.911
/data/local-files/?d=Documents/Projects/ripple-classifier/proc_data/labeling_data_test_2/data_400/data/11606_id.csv,1192,sw,2,578,2023-04-02T14:14:53.546068Z,2023-04-02T14:14:53.546088Z,6.912
/data/local-files/?d=Documents/Projects/ripple-classifier/proc_data/labeling_data_test_2/data_400/data/1154_id.csv,1191,swr,2,577,2023-04-02T14:14:46.242000Z,2023-04-02T14:14:46.242015Z,21.609
/data/local-files/?d=Documents/Projects/ripple-classifier/proc_data/labeling_data_test_2/data_400/data/11422_id.csv,1190,sw,2,576,2023-04-02T14:14:24.292080Z,2023-04-02T14:14:24.292109Z,10.582
/data/local-files/?d=Documents/Projects/ripple-classifier/proc_data/labeling_data_test_2/data_400/data/1132_id.csv,1189,swr,2,575,2023-04-02T14:14:13.242093Z,2023-04-02T14:14:13.242107Z,12.582
/data/local-files/?d=Documents/Projects/ripple-classifier/proc_data/labeling_data_test_2/data_400/data/1097_id.csv,1188,swr,2,574,2023-04-02T14:14:00.261051Z,2023-04-02T14:14:00.261081Z,23.409
/data/local-files/?d=Documents/Projects/ripple-classifier/proc_data/labeling_data_test_2/data_400/data/10979_id.csv,1187,swr,2,573,2023-04-02T14:13:36.487264Z,2023-04-02T14:13:36.487279Z,11.746
/data/local-files/?d=Documents/Projects/ripple-classifier/proc_data/labeling_data_test_2/data_400/data/1096_id.csv,1186,swr,2,572,2023-04-02T14:13:24.405903Z,2023-04-02T14:13:24.405923Z,8.875
/data/local-files/?d=Documents/Projects/ripple-classifier/proc_data/labeling_data_test_2/data_400/data/10447_id.csv,1185,discarded,2,571,2023-04-02T14:13:15.192367Z,2023-04-02T14:13:15.192381Z,12.831
/data/local-files/?d=Documents/Projects/ripple-classifier/proc_data/labeling_data_test_2/data_400/data/10244_id.csv,1184,sw,2,570,2023-04-02T14:13:01.976546Z,2023-04-02T14:13:01.976560Z,24.203
/data/local-files/?d=Documents/Projects/ripple-classifier/proc_data/labeling_data_test_2/data_400/data/10095_id.csv,1183,sw,2,569,2023-04-02T14:12:37.390904Z,2023-04-02T14:12:37.390919Z,61.095
