csv,id,label,annotator,annotation_id,created_at,updated_at,lead_time
/data/local-files/?d=Desktop/ripple-classifier-data-labeling/labeling_data_400_v2/9950_id.csv,3221,swr,2,2925,2023-03-25T19:12:36.278453Z,2023-03-25T19:12:36.278511Z,8.983
/data/local-files/?d=Desktop/ripple-classifier-data-labeling/labeling_data_400_v2/9776_id.csv,3220,discarded,2,2924,2023-03-25T19:12:25.615344Z,2023-03-25T19:12:25.615393Z,19.538
/data/local-files/?d=Desktop/ripple-classifier-data-labeling/labeling_data_400_v2/9642_id.csv,3219,swr,2,2923,2023-03-25T19:12:04.765479Z,2023-03-25T19:12:04.765505Z,14.576
/data/local-files/?d=Desktop/ripple-classifier-data-labeling/labeling_data_400_v2/9609_id.csv,3218,cswr-3,2,2922,2023-03-25T19:11:48.711273Z,2023-03-25T19:11:48.711314Z,15.263
/data/local-files/?d=Desktop/ripple-classifier-data-labeling/labeling_data_400_v2/9595_id.csv,3217,discarded,2,2921,2023-03-25T19:11:32.035063Z,2023-03-25T19:11:32.035090Z,32.096
/data/local-files/?d=Desktop/ripple-classifier-data-labeling/labeling_data_400_v2/9591_id.csv,3216,discarded,2,2920,2023-03-25T19:10:58.397479Z,2023-03-25T19:10:58.397521Z,7.574
/data/local-files/?d=Desktop/ripple-classifier-data-labeling/labeling_data_400_v2/9576_id.csv,3215,discarded,2,2919,2023-03-25T19:10:49.250722Z,2023-03-25T19:10:49.250762Z,8.946
/data/local-files/?d=Desktop/ripple-classifier-data-labeling/labeling_data_400_v2/9569_id.csv,3214,cswr-2,2,2918,2023-03-25T19:10:38.812294Z,2023-03-25T19:10:38.812324Z,42.72
/data/local-files/?d=Desktop/ripple-classifier-data-labeling/labeling_data_400_v2/9556_id.csv,3213,discarded,2,2917,2023-03-25T19:09:54.506749Z,2023-03-25T19:09:54.506776Z,9.167
/data/local-files/?d=Desktop/ripple-classifier-data-labeling/labeling_data_400_v2/9547_id.csv,3212,discarded,2,2916,2023-03-25T19:09:43.794037Z,2023-03-25T19:09:43.794064Z,8.566
/data/local-files/?d=Desktop/ripple-classifier-data-labeling/labeling_data_400_v2/9528_id.csv,3211,discarded,2,2915,2023-03-25T19:09:33.537208Z,2023-03-25T19:09:33.537239Z,8.707
/data/local-files/?d=Desktop/ripple-classifier-data-labeling/labeling_data_400_v2/949_id.csv,3210,swr,2,2914,2023-03-25T19:09:23.276031Z,2023-03-25T19:09:23.276060Z,13.16
/data/local-files/?d=Desktop/ripple-classifier-data-labeling/labeling_data_400_v2/9494_id.csv,3209,discarded,2,2913,2023-03-25T19:09:08.534748Z,2023-03-25T19:09:08.534816Z,8.392
/data/local-files/?d=Desktop/ripple-classifier-data-labeling/labeling_data_400_v2/9492_id.csv,3208,discarded,2,2912,2023-03-25T19:08:58.640041Z,2023-03-25T19:08:58.640073Z,8.346
/data/local-files/?d=Desktop/ripple-classifier-data-labeling/labeling_data_400_v2/9485_id.csv,3207,discarded,2,2911,2023-03-25T19:08:48.711770Z,2023-03-25T19:08:48.711812Z,21.375
/data/local-files/?d=Desktop/ripple-classifier-data-labeling/labeling_data_400_v2/9473_id.csv,3206,discarded,2,2910,2023-03-25T19:08:25.704623Z,2023-03-25T19:08:25.704666Z,19.214
/data/local-files/?d=Desktop/ripple-classifier-data-labeling/labeling_data_400_v2/9441_id.csv,3205,discarded,2,2909,2023-03-25T19:08:04.887598Z,2023-03-25T19:08:04.887660Z,9.904
/data/local-files/?d=Desktop/ripple-classifier-data-labeling/labeling_data_400_v2/9394_id.csv,3204,cswr-2,2,2908,2023-03-25T19:07:53.443974Z,2023-03-25T19:07:53.444031Z,9.166
/data/local-files/?d=Desktop/ripple-classifier-data-labeling/labeling_data_400_v2/9390_id.csv,3203,cswr-2,2,2907,2023-03-25T19:07:42.465129Z,2023-03-25T19:07:42.465158Z,10.937
/data/local-files/?d=Desktop/ripple-classifier-data-labeling/labeling_data_400_v2/938_id.csv,3202,cswr-2,2,2906,2023-03-25T19:07:29.617132Z,2023-03-25T19:07:29.617202Z,16.267
/data/local-files/?d=Desktop/ripple-classifier-data-labeling/labeling_data_400_v2/9339_id.csv,3201,cswr-2,2,2905,2023-03-25T19:07:11.501543Z,2023-03-25T19:07:11.501594Z,8.986
/data/local-files/?d=Desktop/ripple-classifier-data-labeling/labeling_data_400_v2/9318_id.csv,3200,swr,2,2904,2023-03-25T19:07:00.978530Z,2023-03-25T19:07:00.978560Z,242.843
/data/local-files/?d=Desktop/ripple-classifier-data-labeling/labeling_data_400_v2/9287_id.csv,3199,cswr-2,2,2903,2023-03-25T19:02:52.401357Z,2023-03-25T19:02:52.401395Z,12.921
/data/local-files/?d=Desktop/ripple-classifier-data-labeling/labeling_data_400_v2/9269_id.csv,3198,swr,2,2902,2023-03-25T19:02:36.219198Z,2023-03-25T19:02:36.219224Z,14.207
/data/local-files/?d=Desktop/ripple-classifier-data-labeling/labeling_data_400_v2/9254_id.csv,3197,discarded,2,2901,2023-03-25T19:02:19.910407Z,2023-03-25T19:02:19.910437Z,9.732
/data/local-files/?d=Desktop/ripple-classifier-data-labeling/labeling_data_400_v2/9186_id.csv,3196,cswr-3,2,2900,2023-03-25T19:02:08.238776Z,2023-03-25T19:02:08.238848Z,9.857
/data/local-files/?d=Desktop/ripple-classifier-data-labeling/labeling_data_400_v2/9170_id.csv,3195,cswr-3,2,2899,2023-03-25T19:01:56.342922Z,2023-03-25T19:01:56.342958Z,8.758
/data/local-files/?d=Desktop/ripple-classifier-data-labeling/labeling_data_400_v2/9147_id.csv,3194,swr,2,2898,2023-03-25T19:01:43.309367Z,2023-03-25T19:01:43.309395Z,10.959
/data/local-files/?d=Desktop/ripple-classifier-data-labeling/labeling_data_400_v2/9107_id.csv,3193,cswr-2,2,2897,2023-03-25T19:01:30.376612Z,2023-03-25T19:01:30.376685Z,80.852
/data/local-files/?d=Desktop/ripple-classifier-data-labeling/labeling_data_400_v2/9089_id.csv,3192,cswr-1,2,2896,2023-03-25T19:00:07.599716Z,2023-03-25T19:00:07.599750Z,6.885
/data/local-files/?d=Desktop/ripple-classifier-data-labeling/labeling_data_400_v2/9077_id.csv,3191,discarded,2,2845,2023-03-25T08:08:22.402911Z,2023-03-25T08:08:22.402940Z,10.882
/data/local-files/?d=Desktop/ripple-classifier-data-labeling/labeling_data_400_v2/9071_id.csv,3190,swr,2,2844,2023-03-25T08:08:09.277061Z,2023-03-25T08:08:09.277090Z,23.234
/data/local-files/?d=Desktop/ripple-classifier-data-labeling/labeling_data_400_v2/9055_id.csv,3189,swr,2,2843,2023-03-25T08:07:38.950683Z,2023-03-25T08:07:38.950713Z,13.716
/data/local-files/?d=Desktop/ripple-classifier-data-labeling/labeling_data_400_v2/9037_id.csv,3188,swr,2,2842,2023-03-25T08:07:09.629565Z,2023-03-25T08:07:09.629592Z,17.176
/data/local-files/?d=Desktop/ripple-classifier-data-labeling/labeling_data_400_v2/8987_id.csv,3187,ripple,2,2841,2023-03-25T08:06:50.611964Z,2023-03-25T08:06:50.611990Z,39.843
/data/local-files/?d=Desktop/ripple-classifier-data-labeling/labeling_data_400_v2/8964_id.csv,3186,cswr-1,2,2840,2023-03-25T08:06:01.484955Z,2023-03-25T08:06:01.484982Z,10.914
/data/local-files/?d=Desktop/ripple-classifier-data-labeling/labeling_data_400_v2/8960_id.csv,3185,cswr-1,2,2839,2023-03-25T08:05:44.565476Z,2023-03-25T08:05:44.565543Z,11.554
/data/local-files/?d=Desktop/ripple-classifier-data-labeling/labeling_data_400_v2/8938_id.csv,3184,swr,2,2838,2023-03-25T08:05:30.614322Z,2023-03-25T08:05:30.614345Z,11.701
/data/local-files/?d=Desktop/ripple-classifier-data-labeling/labeling_data_400_v2/8931_id.csv,3183,swr,2,2837,2023-03-25T08:05:17.248307Z,2023-03-25T08:05:17.248339Z,13.522
/data/local-files/?d=Desktop/ripple-classifier-data-labeling/labeling_data_400_v2/8928_id.csv,3182,cswr-1,2,2836,2023-03-25T08:04:43.507885Z,2023-03-25T08:04:43.507934Z,18.348
/data/local-files/?d=Desktop/ripple-classifier-data-labeling/labeling_data_400_v2/8924_id.csv,3181,discarded,2,2835,2023-03-25T08:04:21.947998Z,2023-03-25T08:04:21.948036Z,8.73
/data/local-files/?d=Desktop/ripple-classifier-data-labeling/labeling_data_400_v2/8847_id.csv,3180,sw,2,2834,2023-03-25T08:04:11.397078Z,2023-03-25T08:04:11.397107Z,22.53
/data/local-files/?d=Desktop/ripple-classifier-data-labeling/labeling_data_400_v2/8769_id.csv,3179,swr,2,2833,2023-03-25T08:03:46.941770Z,2023-03-25T08:03:46.941818Z,31.122
/data/local-files/?d=Desktop/ripple-classifier-data-labeling/labeling_data_400_v2/8669_id.csv,3178,sw,2,2832,2023-03-25T08:03:13.998694Z,2023-03-25T08:03:13.998724Z,25.997
/data/local-files/?d=Desktop/ripple-classifier-data-labeling/labeling_data_400_v2/8667_id.csv,3177,sw,2,2831,2023-03-25T08:02:46.161658Z,2023-03-25T08:02:46.161684Z,14.143
/data/local-files/?d=Desktop/ripple-classifier-data-labeling/labeling_data_400_v2/8653_id.csv,3176,sw,2,2830,2023-03-25T08:02:30.293677Z,2023-03-25T08:02:30.293711Z,19.823
/data/local-files/?d=Desktop/ripple-classifier-data-labeling/labeling_data_400_v2/8651_id.csv,3175,swr,2,2829,2023-03-25T08:02:08.744352Z,2023-03-25T08:02:08.744394Z,11.829
/data/local-files/?d=Desktop/ripple-classifier-data-labeling/labeling_data_400_v2/8635_id.csv,3174,discarded,2,2828,2023-03-25T08:01:20.889006Z,2023-03-25T08:01:20.889033Z,11.888
/data/local-files/?d=Desktop/ripple-classifier-data-labeling/labeling_data_400_v2/8618_id.csv,3173,ripple,2,2827,2023-03-25T07:09:15.767257Z,2023-03-25T07:09:15.767280Z,31.045
/data/local-files/?d=Desktop/ripple-classifier-data-labeling/labeling_data_400_v2/8597_id.csv,3172,discarded,2,2826,2023-03-25T07:08:33.877550Z,2023-03-25T07:08:33.877578Z,11.808
/data/local-files/?d=Desktop/ripple-classifier-data-labeling/labeling_data_400_v2/8534_id.csv,3171,sw,2,2825,2023-03-25T07:08:19.856020Z,2023-03-25T07:08:19.856049Z,14.639
/data/local-files/?d=Desktop/ripple-classifier-data-labeling/labeling_data_400_v2/851_id.csv,3170,discarded,2,2824,2023-03-25T07:08:03.202329Z,2023-03-25T07:08:03.202369Z,12.698
/data/local-files/?d=Desktop/ripple-classifier-data-labeling/labeling_data_400_v2/8517_id.csv,3169,ripple,2,2823,2023-03-25T07:07:48.496228Z,2023-03-25T07:07:48.496253Z,19.234
/data/local-files/?d=Desktop/ripple-classifier-data-labeling/labeling_data_400_v2/8515_id.csv,3168,ripple,2,2822,2023-03-25T07:07:27.236949Z,2023-03-25T07:07:27.236982Z,52.509
/data/local-files/?d=Desktop/ripple-classifier-data-labeling/labeling_data_400_v2/8513_id.csv,3167,discarded,2,2821,2023-03-25T07:06:31.070099Z,2023-03-25T07:06:31.070140Z,14.678
/data/local-files/?d=Desktop/ripple-classifier-data-labeling/labeling_data_400_v2/8511_id.csv,3166,discarded,2,2820,2023-03-25T07:06:14.663872Z,2023-03-25T07:06:14.663913Z,9.592
/data/local-files/?d=Desktop/ripple-classifier-data-labeling/labeling_data_400_v2/8505_id.csv,3165,ripple,2,2819,2023-03-25T07:06:03.229732Z,2023-03-25T07:06:03.229787Z,16.619
/data/local-files/?d=Desktop/ripple-classifier-data-labeling/labeling_data_400_v2/8504_id.csv,3164,discarded,2,2818,2023-03-25T06:59:05.283780Z,2023-03-25T06:59:05.283820Z,11.174
/data/local-files/?d=Desktop/ripple-classifier-data-labeling/labeling_data_400_v2/8500_id.csv,3163,discarded,2,2817,2023-03-25T06:58:50.443436Z,2023-03-25T06:58:50.443467Z,10.656
/data/local-files/?d=Desktop/ripple-classifier-data-labeling/labeling_data_400_v2/8499_id.csv,3162,ripple,2,2816,2023-03-25T06:58:37.984405Z,2023-03-25T06:58:37.984446Z,23.213
/data/local-files/?d=Desktop/ripple-classifier-data-labeling/labeling_data_400_v2/8498_id.csv,3161,discarded,2,2815,2023-03-25T06:57:38.730831Z,2023-03-25T06:58:13.013082Z,40.332
/data/local-files/?d=Desktop/ripple-classifier-data-labeling/labeling_data_400_v2/8497_id.csv,3160,swr,2,2814,2023-03-25T06:57:08.723695Z,2023-03-25T06:57:08.723722Z,40.435
/data/local-files/?d=Desktop/ripple-classifier-data-labeling/labeling_data_400_v2/8496_id.csv,3159,discarded,2,2813,2023-03-25T06:56:26.453026Z,2023-03-25T06:56:26.453055Z,15.072
/data/local-files/?d=Desktop/ripple-classifier-data-labeling/labeling_data_400_v2/8490_id.csv,3158,ripple,2,2812,2023-03-25T06:56:09.539879Z,2023-03-25T06:56:09.539905Z,19.045
/data/local-files/?d=Desktop/ripple-classifier-data-labeling/labeling_data_400_v2/8488_id.csv,3157,cswr-2,2,2811,2023-03-25T06:54:49.377051Z,2023-03-25T06:54:49.377083Z,21.939
/data/local-files/?d=Desktop/ripple-classifier-data-labeling/labeling_data_400_v2/8471_id.csv,3156,discarded,2,2810,2023-03-25T06:54:25.370816Z,2023-03-25T06:54:25.370868Z,12.372
/data/local-files/?d=Desktop/ripple-classifier-data-labeling/labeling_data_400_v2/8454_id.csv,3155,swr,2,2809,2023-03-25T06:54:10.918582Z,2023-03-25T06:54:10.918639Z,141.213
/data/local-files/?d=Desktop/ripple-classifier-data-labeling/labeling_data_400_v2/8374_id.csv,3154,swr,2,2808,2023-03-25T06:51:42.707864Z,2023-03-25T06:51:42.707900Z,13.527
/data/local-files/?d=Desktop/ripple-classifier-data-labeling/labeling_data_400_v2/8369_id.csv,3153,cswr-2,2,2807,2023-03-25T06:51:25.822520Z,2023-03-25T06:51:25.822564Z,11.306
/data/local-files/?d=Desktop/ripple-classifier-data-labeling/labeling_data_400_v2/8324_id.csv,3152,discarded,2,2806,2023-03-25T06:51:12.732796Z,2023-03-25T06:51:12.732834Z,8.076
/data/local-files/?d=Desktop/ripple-classifier-data-labeling/labeling_data_400_v2/8314_id.csv,3151,swr,2,2805,2023-03-25T06:51:03.014281Z,2023-03-25T06:51:03.014310Z,21.444
/data/local-files/?d=Desktop/ripple-classifier-data-labeling/labeling_data_400_v2/8300_id.csv,3150,cswr-1,2,2804,2023-03-25T06:50:39.782941Z,2023-03-25T06:50:39.782969Z,21.495
/data/local-files/?d=Desktop/ripple-classifier-data-labeling/labeling_data_400_v2/8268_id.csv,3149,discarded,2,2803,2023-03-25T06:50:16.107143Z,2023-03-25T06:50:16.107183Z,12.311
/data/local-files/?d=Desktop/ripple-classifier-data-labeling/labeling_data_400_v2/8239_id.csv,3148,cswr-3,2,2802,2023-03-25T06:36:21.719966Z,2023-03-25T06:36:21.719997Z,16.454
/data/local-files/?d=Desktop/ripple-classifier-data-labeling/labeling_data_400_v2/8235_id.csv,3147,cswr-2,2,2801,2023-03-25T06:36:03.432264Z,2023-03-25T06:36:03.432294Z,23.296
/data/local-files/?d=Desktop/ripple-classifier-data-labeling/labeling_data_400_v2/822_id.csv,3146,sw,2,2800,2023-03-25T06:35:37.887196Z,2023-03-25T06:35:37.887234Z,19.814
/data/local-files/?d=Desktop/ripple-classifier-data-labeling/labeling_data_400_v2/8192_id.csv,3145,discarded,2,2799,2023-03-25T06:35:04.516266Z,2023-03-25T06:35:04.516292Z,14.695
/data/local-files/?d=Desktop/ripple-classifier-data-labeling/labeling_data_400_v2/8169_id.csv,3144,cswr-2,2,2798,2023-03-25T06:34:41.014741Z,2023-03-25T06:34:41.014781Z,15.199
/data/local-files/?d=Desktop/ripple-classifier-data-labeling/labeling_data_400_v2/8160_id.csv,3143,discarded,2,2797,2023-03-25T06:34:23.806756Z,2023-03-25T06:34:23.806788Z,21.983
/data/local-files/?d=Desktop/ripple-classifier-data-labeling/labeling_data_400_v2/815_id.csv,3142,sw,2,2796,2023-03-25T06:33:59.633913Z,2023-03-25T06:33:59.633953Z,17.066
/data/local-files/?d=Desktop/ripple-classifier-data-labeling/labeling_data_400_v2/8008_id.csv,3141,swr,2,2795,2023-03-25T06:33:36.839697Z,2023-03-25T06:33:36.839747Z,9.831
/data/local-files/?d=Desktop/ripple-classifier-data-labeling/labeling_data_400_v2/7_id.csv,3140,discarded,2,2794,2023-03-25T06:33:23.448393Z,2023-03-25T06:33:23.448446Z,9.796
/data/local-files/?d=Desktop/ripple-classifier-data-labeling/labeling_data_400_v2/7950_id.csv,3139,swr,2,2793,2023-03-25T06:33:11.044797Z,2023-03-25T06:33:11.044828Z,17.454
/data/local-files/?d=Desktop/ripple-classifier-data-labeling/labeling_data_400_v2/7934_id.csv,3138,cswr-1,2,2792,2023-03-25T06:32:51.746404Z,2023-03-25T06:32:51.746453Z,32.191
/data/local-files/?d=Desktop/ripple-classifier-data-labeling/labeling_data_400_v2/7922_id.csv,3137,swr,2,2791,2023-03-25T06:32:16.479429Z,2023-03-25T06:32:16.479463Z,8.223
/data/local-files/?d=Desktop/ripple-classifier-data-labeling/labeling_data_400_v2/7904_id.csv,3136,swr,2,2790,2023-03-25T06:26:31.802895Z,2023-03-25T06:26:31.802939Z,11.695
/data/local-files/?d=Desktop/ripple-classifier-data-labeling/labeling_data_400_v2/7861_id.csv,3135,swr,2,2789,2023-03-25T06:26:06.570528Z,2023-03-25T06:26:06.570556Z,17.208
/data/local-files/?d=Desktop/ripple-classifier-data-labeling/labeling_data_400_v2/7816_id.csv,3134,cswr-1,2,2788,2023-03-25T06:25:14.507600Z,2023-03-25T06:25:14.507658Z,29.193
/data/local-files/?d=Desktop/ripple-classifier-data-labeling/labeling_data_400_v2/777_id.csv,3133,discarded,2,2787,2023-03-25T06:24:43.402877Z,2023-03-25T06:24:43.402924Z,17.578
/data/local-files/?d=Desktop/ripple-classifier-data-labeling/labeling_data_400_v2/7775_id.csv,3132,swr,2,2786,2023-03-25T06:24:24.136835Z,2023-03-25T06:24:24.136870Z,74.417
/data/local-files/?d=Desktop/ripple-classifier-data-labeling/labeling_data_400_v2/7634_id.csv,3131,sw,2,2785,2023-03-25T06:23:08.060574Z,2023-03-25T06:23:08.060614Z,43.217
/data/local-files/?d=Desktop/ripple-classifier-data-labeling/labeling_data_400_v2/7565_id.csv,3130,swr,2,2784,2023-03-25T06:22:14.293119Z,2023-03-25T06:22:14.293148Z,26.564
/data/local-files/?d=Desktop/ripple-classifier-data-labeling/labeling_data_400_v2/744_id.csv,3129,discarded,2,2783,2023-03-25T06:21:44.526124Z,2023-03-25T06:21:44.526179Z,26.092
/data/local-files/?d=Desktop/ripple-classifier-data-labeling/labeling_data_400_v2/738_id.csv,3128,discarded,2,2782,2023-03-25T06:21:16.565921Z,2023-03-25T06:21:16.565947Z,50.722
/data/local-files/?d=Desktop/ripple-classifier-data-labeling/labeling_data_400_v2/7322_id.csv,3127,discarded,2,2781,2023-03-25T06:20:24.179935Z,2023-03-25T06:20:24.179981Z,20.527
/data/local-files/?d=Desktop/ripple-classifier-data-labeling/labeling_data_400_v2/713_id.csv,3126,swr,2,2780,2023-03-25T06:20:02.024700Z,2023-03-25T06:20:02.024735Z,45.092
/data/local-files/?d=Desktop/ripple-classifier-data-labeling/labeling_data_400_v2/7130_id.csv,3125,sw,2,2779,2023-03-25T06:19:15.074096Z,2023-03-25T06:19:15.074133Z,20.725
/data/local-files/?d=Desktop/ripple-classifier-data-labeling/labeling_data_400_v2/685_id.csv,3124,sw,2,2778,2023-03-25T06:18:26.675595Z,2023-03-25T06:18:26.675665Z,11.092
/data/local-files/?d=Desktop/ripple-classifier-data-labeling/labeling_data_400_v2/6854_id.csv,3123,cswr-3,2,2777,2023-03-25T06:18:13.061128Z,2023-03-25T06:18:13.061154Z,20.698
/data/local-files/?d=Desktop/ripple-classifier-data-labeling/labeling_data_400_v2/677_id.csv,3122,sw,2,2776,2023-03-25T06:17:48.220111Z,2023-03-25T06:17:48.220138Z,32.097
/data/local-files/?d=Desktop/ripple-classifier-data-labeling/labeling_data_400_v2/663_id.csv,3121,sw,2,2775,2023-03-25T06:17:14.075267Z,2023-03-25T06:17:14.075318Z,15.932
/data/local-files/?d=Desktop/ripple-classifier-data-labeling/labeling_data_400_v2/651_id.csv,3120,sw,2,2774,2023-03-25T06:16:48.337738Z,2023-03-25T06:16:48.337780Z,14.892
/data/local-files/?d=Desktop/ripple-classifier-data-labeling/labeling_data_400_v2/6507_id.csv,3119,swr,2,2773,2023-03-25T06:16:31.405811Z,2023-03-25T06:16:31.405846Z,11.349
/data/local-files/?d=Desktop/ripple-classifier-data-labeling/labeling_data_400_v2/645_id.csv,3118,swr,2,2772,2023-03-25T06:04:05.871120Z,2023-03-25T06:04:05.871150Z,13.117
/data/local-files/?d=Desktop/ripple-classifier-data-labeling/labeling_data_400_v2/6420_id.csv,3117,sw,2,2771,2023-03-25T06:03:50.685308Z,2023-03-25T06:03:50.685340Z,22.626
/data/local-files/?d=Desktop/ripple-classifier-data-labeling/labeling_data_400_v2/624_id.csv,3116,swr,2,2770,2023-03-25T06:03:26.035480Z,2023-03-25T06:03:26.035509Z,13.385
/data/local-files/?d=Desktop/ripple-classifier-data-labeling/labeling_data_400_v2/6039_id.csv,3115,sw,2,2769,2023-03-25T06:03:10.258694Z,2023-03-25T06:03:10.258719Z,14.989
/data/local-files/?d=Desktop/ripple-classifier-data-labeling/labeling_data_400_v2/5_id.csv,3114,cswr-2,2,2768,2023-03-25T06:02:28.343374Z,2023-03-25T06:02:28.343412Z,24.656
/data/local-files/?d=Desktop/ripple-classifier-data-labeling/labeling_data_400_v2/57_id.csv,3113,swr,2,2767,2023-03-25T06:00:18.066658Z,2023-03-25T06:00:18.066687Z,11.171
/data/local-files/?d=Desktop/ripple-classifier-data-labeling/labeling_data_400_v2/5521_id.csv,3112,swr,2,2766,2023-03-25T06:00:05.266408Z,2023-03-25T06:00:05.266435Z,56.982
/data/local-files/?d=Desktop/ripple-classifier-data-labeling/labeling_data_400_v2/54_id.csv,3111,cswr-2,2,2765,2023-03-25T05:59:06.527041Z,2023-03-25T05:59:06.527092Z,11.479
/data/local-files/?d=Desktop/ripple-classifier-data-labeling/labeling_data_400_v2/5290_id.csv,3110,cswr-1,2,2764,2023-03-25T05:58:51.221884Z,2023-03-25T05:58:51.221916Z,30.028
/data/local-files/?d=Desktop/ripple-classifier-data-labeling/labeling_data_400_v2/5096_id.csv,3109,sw,2,2763,2023-03-25T05:58:17.623441Z,2023-03-25T05:58:17.623486Z,14.432
/data/local-files/?d=Desktop/ripple-classifier-data-labeling/labeling_data_400_v2/49_id.csv,3108,cswr-2,2,2762,2023-03-25T05:58:01.132236Z,2023-03-25T05:58:01.132262Z,35.121
/data/local-files/?d=Desktop/ripple-classifier-data-labeling/labeling_data_400_v2/4834_id.csv,3107,discarded,2,2761,2023-03-25T05:57:24.023340Z,2023-03-25T05:57:24.023371Z,14.115
/data/local-files/?d=Desktop/ripple-classifier-data-labeling/labeling_data_400_v2/46_id.csv,3106,cswr-3,2,2760,2023-03-25T05:57:07.847977Z,2023-03-25T05:57:07.848029Z,18.144
/data/local-files/?d=Desktop/ripple-classifier-data-labeling/labeling_data_400_v2/461_id.csv,3105,cswr-1,2,2759,2023-03-25T05:56:47.611433Z,2023-03-25T05:56:47.611488Z,20.05
/data/local-files/?d=Desktop/ripple-classifier-data-labeling/labeling_data_400_v2/4615_id.csv,3104,cswr-1,2,2758,2023-03-25T05:56:25.503354Z,2023-03-25T05:56:25.503395Z,37.396
/data/local-files/?d=Desktop/ripple-classifier-data-labeling/labeling_data_400_v2/4433_id.csv,3103,discarded,2,2757,2023-03-25T05:55:45.903522Z,2023-03-25T05:55:45.903551Z,20.777
/data/local-files/?d=Desktop/ripple-classifier-data-labeling/labeling_data_400_v2/4417_id.csv,3102,swr,2,2756,2023-03-25T03:19:56.825994Z,2023-03-25T03:19:56.826025Z,13.422
/data/local-files/?d=Desktop/ripple-classifier-data-labeling/labeling_data_400_v2/4367_id.csv,3101,cswr-2,2,2755,2023-03-25T03:19:39.600942Z,2023-03-25T03:19:39.601016Z,12.727
/data/local-files/?d=Desktop/ripple-classifier-data-labeling/labeling_data_400_v2/4349_id.csv,3100,discarded,2,2754,2023-03-25T03:19:25.009134Z,2023-03-25T03:19:25.009188Z,19.477
/data/local-files/?d=Desktop/ripple-classifier-data-labeling/labeling_data_400_v2/4347_id.csv,3099,discarded,2,2753,2023-03-25T03:19:03.891913Z,2023-03-25T03:19:03.891979Z,63.183
/data/local-files/?d=Desktop/ripple-classifier-data-labeling/labeling_data_400_v2/4188_id.csv,3098,cswr-2,2,2752,2023-03-25T03:17:58.690874Z,2023-03-25T03:17:58.690902Z,38.908
/data/local-files/?d=Desktop/ripple-classifier-data-labeling/labeling_data_400_v2/4176_id.csv,3097,discarded,2,2751,2023-03-25T03:17:10.756353Z,2023-03-25T03:17:10.756435Z,9.78
/data/local-files/?d=Desktop/ripple-classifier-data-labeling/labeling_data_400_v2/4081_id.csv,3096,discarded,2,2750,2023-03-25T03:16:59.090927Z,2023-03-25T03:16:59.090964Z,11.181
/data/local-files/?d=Desktop/ripple-classifier-data-labeling/labeling_data_400_v2/4074_id.csv,3095,discarded,2,2749,2023-03-25T03:16:23.835337Z,2023-03-25T03:16:23.835403Z,15.748
/data/local-files/?d=Desktop/ripple-classifier-data-labeling/labeling_data_400_v2/3945_id.csv,3094,swr,2,2748,2023-03-25T03:16:01.615315Z,2023-03-25T03:16:01.615349Z,8.77
/data/local-files/?d=Desktop/ripple-classifier-data-labeling/labeling_data_400_v2/388_id.csv,3093,discarded,2,2747,2023-03-25T03:15:50.598081Z,2023-03-25T03:15:50.598112Z,8.32
/data/local-files/?d=Desktop/ripple-classifier-data-labeling/labeling_data_400_v2/3728_id.csv,3092,swr,2,2746,2023-03-25T03:15:39.889804Z,2023-03-25T03:15:39.889845Z,13.177
/data/local-files/?d=Desktop/ripple-classifier-data-labeling/labeling_data_400_v2/3717_id.csv,3091,discarded,2,2745,2023-03-25T03:15:24.628219Z,2023-03-25T03:15:24.628259Z,10.002
/data/local-files/?d=Desktop/ripple-classifier-data-labeling/labeling_data_400_v2/3711_id.csv,3090,cswr-2,2,2744,2023-03-25T03:15:12.499147Z,2023-03-25T03:15:12.499208Z,46.053
/data/local-files/?d=Desktop/ripple-classifier-data-labeling/labeling_data_400_v2/3704_id.csv,3089,swr,2,2743,2023-03-25T03:14:24.297894Z,2023-03-25T03:14:24.297923Z,10.246
/data/local-files/?d=Desktop/ripple-classifier-data-labeling/labeling_data_400_v2/3690_id.csv,3088,swr,2,2742,2023-03-25T03:14:10.856698Z,2023-03-25T03:14:10.856729Z,11.309
/data/local-files/?d=Desktop/ripple-classifier-data-labeling/labeling_data_400_v2/3684_id.csv,3087,ripple,2,2741,2023-03-25T03:13:57.655798Z,2023-03-25T03:13:57.655824Z,16.086
/data/local-files/?d=Desktop/ripple-classifier-data-labeling/labeling_data_400_v2/3683_id.csv,3086,swr,2,2740,2023-03-25T03:13:39.678829Z,2023-03-25T03:13:39.678864Z,20.39
/data/local-files/?d=Desktop/ripple-classifier-data-labeling/labeling_data_400_v2/367_id.csv,3085,discarded,2,2739,2023-03-25T03:13:10.251956Z,2023-03-25T03:13:10.251984Z,22.221
/data/local-files/?d=Desktop/ripple-classifier-data-labeling/labeling_data_400_v2/3674_id.csv,3084,sw,2,2738,2023-03-25T03:12:36.624217Z,2023-03-25T03:12:36.624260Z,22.089
/data/local-files/?d=Desktop/ripple-classifier-data-labeling/labeling_data_400_v2/3667_id.csv,3083,swr,2,2737,2023-03-25T03:11:12.769368Z,2023-03-25T03:11:12.769401Z,10.675
/data/local-files/?d=Desktop/ripple-classifier-data-labeling/labeling_data_400_v2/3626_id.csv,3082,swr,2,2736,2023-03-25T03:10:59.908309Z,2023-03-25T03:10:59.908338Z,27.517
/data/local-files/?d=Desktop/ripple-classifier-data-labeling/labeling_data_400_v2/3612_id.csv,3081,discarded,2,2735,2023-03-25T03:10:28.838721Z,2023-03-25T03:10:28.838779Z,8.872
/data/local-files/?d=Desktop/ripple-classifier-data-labeling/labeling_data_400_v2/35_id.csv,3080,swr,2,2734,2023-03-25T03:10:18.476366Z,2023-03-25T03:10:18.476422Z,1692.624
/data/local-files/?d=Desktop/ripple-classifier-data-labeling/labeling_data_400_v2/3598_id.csv,3079,cswr-1,2,2733,2023-03-25T02:39:06.731722Z,2023-03-25T02:39:06.731757Z,16.655
/data/local-files/?d=Desktop/ripple-classifier-data-labeling/labeling_data_400_v2/3549_id.csv,3078,swr,2,2732,2023-03-25T02:38:46.946189Z,2023-03-25T02:38:46.946235Z,18.922
/data/local-files/?d=Desktop/ripple-classifier-data-labeling/labeling_data_400_v2/3548_id.csv,3077,discarded,2,2731,2023-03-25T02:38:26.177794Z,2023-03-25T02:38:26.177841Z,23.947
/data/local-files/?d=Desktop/ripple-classifier-data-labeling/labeling_data_400_v2/3534_id.csv,3076,discarded,2,2730,2023-03-25T02:37:59.457159Z,2023-03-25T02:37:59.457207Z,11.143
/data/local-files/?d=Desktop/ripple-classifier-data-labeling/labeling_data_400_v2/3528_id.csv,3075,discarded,2,2729,2023-03-25T02:37:46.251538Z,2023-03-25T02:37:46.251562Z,10.692
/data/local-files/?d=Desktop/ripple-classifier-data-labeling/labeling_data_400_v2/3525_id.csv,3074,swr,2,2728,2023-03-25T02:37:30.650038Z,2023-03-25T02:37:30.650068Z,21.89
/data/local-files/?d=Desktop/ripple-classifier-data-labeling/labeling_data_400_v2/3517_id.csv,3073,swr,2,2727,2023-03-25T02:37:06.036353Z,2023-03-25T02:37:06.036420Z,30.269
/data/local-files/?d=Desktop/ripple-classifier-data-labeling/labeling_data_400_v2/3507_id.csv,3072,discarded,2,2726,2023-03-25T02:36:33.875173Z,2023-03-25T02:36:33.875203Z,14.684
/data/local-files/?d=Desktop/ripple-classifier-data-labeling/labeling_data_400_v2/3505_id.csv,3071,cswr-2,2,2725,2023-03-25T02:36:17.334691Z,2023-03-25T02:36:17.334735Z,16.275
/data/local-files/?d=Desktop/ripple-classifier-data-labeling/labeling_data_400_v2/3491_id.csv,3070,swr,2,2724,2023-03-25T02:34:43.239018Z,2023-03-25T02:34:43.239045Z,19.284
/data/local-files/?d=Desktop/ripple-classifier-data-labeling/labeling_data_400_v2/3486_id.csv,3069,discarded,2,2723,2023-03-25T02:34:15.331083Z,2023-03-25T02:34:15.331128Z,10.032
/data/local-files/?d=Desktop/ripple-classifier-data-labeling/labeling_data_400_v2/3485_id.csv,3068,discarded,2,2722,2023-03-25T02:34:03.308673Z,2023-03-25T02:34:03.308700Z,52.623
/data/local-files/?d=Desktop/ripple-classifier-data-labeling/labeling_data_400_v2/3479_id.csv,3067,discarded,2,2721,2023-03-25T02:33:07.815479Z,2023-03-25T02:33:07.815514Z,13.387
/data/local-files/?d=Desktop/ripple-classifier-data-labeling/labeling_data_400_v2/3431_id.csv,3066,swr,2,2720,2023-03-25T02:32:51.305185Z,2023-03-25T02:32:51.305212Z,41.81
/data/local-files/?d=Desktop/ripple-classifier-data-labeling/labeling_data_400_v2/3422_id.csv,3065,sw,2,2719,2023-03-25T02:31:57.487950Z,2023-03-25T02:31:57.487988Z,15.146
/data/local-files/?d=Desktop/ripple-classifier-data-labeling/labeling_data_400_v2/3373_id.csv,3064,sw,2,2718,2023-03-25T02:31:40.118685Z,2023-03-25T02:31:40.118727Z,25.859
/data/local-files/?d=Desktop/ripple-classifier-data-labeling/labeling_data_400_v2/3334_id.csv,3063,discarded,2,2717,2023-03-25T02:31:12.469834Z,2023-03-25T02:31:12.469860Z,19.734
/data/local-files/?d=Desktop/ripple-classifier-data-labeling/labeling_data_400_v2/3320_id.csv,3062,sw,2,2716,2023-03-25T02:30:50.904705Z,2023-03-25T02:30:50.904746Z,15.931
/data/local-files/?d=Desktop/ripple-classifier-data-labeling/labeling_data_400_v2/3304_id.csv,3061,discarded,2,2715,2023-03-25T02:30:33.053675Z,2023-03-25T02:30:33.053705Z,25.856
/data/local-files/?d=Desktop/ripple-classifier-data-labeling/labeling_data_400_v2/3265_id.csv,3060,discarded,2,2714,2023-03-25T02:30:05.344940Z,2023-03-25T02:30:05.344989Z,14.531
/data/local-files/?d=Desktop/ripple-classifier-data-labeling/labeling_data_400_v2/316_id.csv,3059,discarded,2,2434,2023-03-23T09:03:03.626350Z,2023-03-23T09:03:03.626377Z,38.075
/data/local-files/?d=Desktop/ripple-classifier-data-labeling/labeling_data_400_v2/3150_id.csv,3058,sw,2,2433,2023-03-23T09:02:23.659699Z,2023-03-23T09:02:23.659734Z,15.282
/data/local-files/?d=Desktop/ripple-classifier-data-labeling/labeling_data_400_v2/3116_id.csv,3057,sw,2,2432,2023-03-23T09:02:04.008539Z,2023-03-23T09:02:04.008568Z,13.85
/data/local-files/?d=Desktop/ripple-classifier-data-labeling/labeling_data_400_v2/3074_id.csv,3056,cswr-1,2,2431,2023-03-23T09:01:48.400329Z,2023-03-23T09:01:48.400357Z,9.893
/data/local-files/?d=Desktop/ripple-classifier-data-labeling/labeling_data_400_v2/3065_id.csv,3055,discarded,2,2430,2023-03-23T09:01:36.749863Z,2023-03-23T09:01:36.749940Z,47.694
/data/local-files/?d=Desktop/ripple-classifier-data-labeling/labeling_data_400_v2/3063_id.csv,3054,swr,2,2429,2023-03-23T09:00:47.475010Z,2023-03-23T09:00:47.475068Z,23.491
/data/local-files/?d=Desktop/ripple-classifier-data-labeling/labeling_data_400_v2/3062_id.csv,3053,ripple,2,2428,2023-03-23T09:00:22.319121Z,2023-03-23T09:00:22.319171Z,21.205
/data/local-files/?d=Desktop/ripple-classifier-data-labeling/labeling_data_400_v2/3061_id.csv,3052,ripple,2,2427,2023-03-23T08:59:59.472890Z,2023-03-23T08:59:59.472932Z,21.764
/data/local-files/?d=Desktop/ripple-classifier-data-labeling/labeling_data_400_v2/3056_id.csv,3051,swr,2,2426,2023-03-23T08:59:35.990283Z,2023-03-23T08:59:35.990314Z,13.252
/data/local-files/?d=Desktop/ripple-classifier-data-labeling/labeling_data_400_v2/3048_id.csv,3049,discarded,2,2424,2023-03-23T08:58:38.908572Z,2023-03-23T08:59:20.739019Z,59.074
/data/local-files/?d=Desktop/ripple-classifier-data-labeling/labeling_data_400_v2/3049_id.csv,3050,discarded,2,2425,2023-03-23T08:58:51.241156Z,2023-03-23T08:58:51.241221Z,10.73
/data/local-files/?d=Desktop/ripple-classifier-data-labeling/labeling_data_400_v2/3047_id.csv,3048,discarded,2,2423,2023-03-23T08:57:51.602433Z,2023-03-23T08:57:51.602466Z,23.155
/data/local-files/?d=Desktop/ripple-classifier-data-labeling/labeling_data_400_v2/3046_id.csv,3047,cswr-2,2,2422,2023-03-23T08:57:21.335155Z,2023-03-23T08:57:21.335213Z,15.192
/data/local-files/?d=Desktop/ripple-classifier-data-labeling/labeling_data_400_v2/3044_id.csv,3046,ripple,2,2421,2023-03-23T08:57:02.447071Z,2023-03-23T08:57:02.447102Z,27.78
/data/local-files/?d=Desktop/ripple-classifier-data-labeling/labeling_data_400_v2/3039_id.csv,3045,discarded,2,2420,2023-03-23T08:55:56.437424Z,2023-03-23T08:55:56.437457Z,16.032
/data/local-files/?d=Desktop/ripple-classifier-data-labeling/labeling_data_400_v2/3037_id.csv,3044,discarded,2,2419,2023-03-23T08:55:38.727146Z,2023-03-23T08:55:38.727171Z,11.44
/data/local-files/?d=Desktop/ripple-classifier-data-labeling/labeling_data_400_v2/3025_id.csv,3043,cswr-2,2,2418,2023-03-23T08:55:25.615189Z,2023-03-23T08:55:25.615215Z,57.579
/data/local-files/?d=Desktop/ripple-classifier-data-labeling/labeling_data_400_v2/3023_id.csv,3042,cswr-1,2,2417,2023-03-23T08:54:26.439147Z,2023-03-23T08:54:26.439213Z,21.365
/data/local-files/?d=Desktop/ripple-classifier-data-labeling/labeling_data_400_v2/3021_id.csv,3041,cswr-1,2,2416,2023-03-23T08:54:03.369603Z,2023-03-23T08:54:03.369664Z,22.114
/data/local-files/?d=Desktop/ripple-classifier-data-labeling/labeling_data_400_v2/3018_id.csv,3040,discarded,2,2415,2023-03-23T08:53:39.563851Z,2023-03-23T08:53:39.563896Z,10.71
/data/local-files/?d=Desktop/ripple-classifier-data-labeling/labeling_data_400_v2/3015_id.csv,3039,cswr-2,2,2414,2023-03-23T08:53:27.133983Z,2023-03-23T08:53:27.134030Z,17.504
/data/local-files/?d=Desktop/ripple-classifier-data-labeling/labeling_data_400_v2/3011_id.csv,3038,swr,2,2413,2023-03-23T08:53:06.783020Z,2023-03-23T08:53:06.783064Z,11.119
/data/local-files/?d=Desktop/ripple-classifier-data-labeling/labeling_data_400_v2/3010_id.csv,3037,cswr-3,2,2412,2023-03-23T08:52:53.905650Z,2023-03-23T08:52:53.905697Z,19.749
/data/local-files/?d=Desktop/ripple-classifier-data-labeling/labeling_data_400_v2/3006_id.csv,3036,discarded,2,2411,2023-03-23T08:52:32.760674Z,2023-03-23T08:52:32.760728Z,20.885
/data/local-files/?d=Desktop/ripple-classifier-data-labeling/labeling_data_400_v2/3005_id.csv,3035,swr,2,2410,2023-03-23T08:52:10.386393Z,2023-03-23T08:52:10.386432Z,14.075
/data/local-files/?d=Desktop/ripple-classifier-data-labeling/labeling_data_400_v2/3001_id.csv,3034,cswr-3,2,2409,2023-03-23T08:51:54.831144Z,2023-03-23T08:51:54.831190Z,131.374
/data/local-files/?d=Desktop/ripple-classifier-data-labeling/labeling_data_400_v2/29_id.csv,3033,discarded,2,2408,2023-03-23T08:49:21.878088Z,2023-03-23T08:49:21.878138Z,25.173
/data/local-files/?d=Desktop/ripple-classifier-data-labeling/labeling_data_400_v2/2989_id.csv,3032,swr,2,2407,2023-03-23T07:56:25.248846Z,2023-03-23T07:56:25.248880Z,24.947
/data/local-files/?d=Desktop/ripple-classifier-data-labeling/labeling_data_400_v2/2948_id.csv,3031,swr,2,2406,2023-03-23T07:55:58.239374Z,2023-03-23T07:55:58.239417Z,13.059
/data/local-files/?d=Desktop/ripple-classifier-data-labeling/labeling_data_400_v2/2942_id.csv,3030,discarded,2,2405,2023-03-23T07:55:18.508443Z,2023-03-23T07:55:18.508492Z,34.205
/data/local-files/?d=Desktop/ripple-classifier-data-labeling/labeling_data_400_v2/2941_id.csv,3029,ripple,2,2404,2023-03-23T07:54:13.986927Z,2023-03-23T07:54:13.986967Z,19.602
/data/local-files/?d=Desktop/ripple-classifier-data-labeling/labeling_data_400_v2/2827_id.csv,3028,discarded,2,2403,2023-03-23T07:53:51.244025Z,2023-03-23T07:53:51.244053Z,8.72
/data/local-files/?d=Desktop/ripple-classifier-data-labeling/labeling_data_400_v2/27_id.csv,3027,swr,2,2402,2023-03-23T07:53:13.517641Z,2023-03-23T07:53:13.517671Z,79.679
/data/local-files/?d=Desktop/ripple-classifier-data-labeling/labeling_data_400_v2/2784_id.csv,3026,cswr-2,2,2401,2023-03-23T07:51:51.665101Z,2023-03-23T07:51:51.665144Z,28.694
/data/local-files/?d=Desktop/ripple-classifier-data-labeling/labeling_data_400_v2/276_id.csv,3025,discarded,2,2400,2023-03-23T07:51:21.241758Z,2023-03-23T07:51:21.241809Z,10.181
/data/local-files/?d=Desktop/ripple-classifier-data-labeling/labeling_data_400_v2/2732_id.csv,3024,cswr-1,2,2399,2023-03-23T07:51:09.574802Z,2023-03-23T07:51:09.574862Z,42.053
/data/local-files/?d=Desktop/ripple-classifier-data-labeling/labeling_data_400_v2/271_id.csv,3023,cswr-3,2,2398,2023-03-23T07:50:26.014122Z,2023-03-23T07:50:26.014171Z,72.98
/data/local-files/?d=Desktop/ripple-classifier-data-labeling/labeling_data_400_v2/2683_id.csv,3022,swr,2,2397,2023-03-23T07:49:11.044491Z,2023-03-23T07:49:11.044527Z,13.328
/data/local-files/?d=Desktop/ripple-classifier-data-labeling/labeling_data_400_v2/2678_id.csv,3021,swr,2,2396,2023-03-23T07:48:55.958715Z,2023-03-23T07:48:55.958756Z,11.693
/data/local-files/?d=Desktop/ripple-classifier-data-labeling/labeling_data_400_v2/2661_id.csv,3020,cswr-1,2,2395,2023-03-23T07:48:42.730019Z,2023-03-23T07:48:42.730052Z,31.434
/data/local-files/?d=Desktop/ripple-classifier-data-labeling/labeling_data_400_v2/2638_id.csv,3019,swr,2,2394,2023-03-23T07:36:24.576738Z,2023-03-23T07:36:24.576767Z,23.819
/data/local-files/?d=Desktop/ripple-classifier-data-labeling/labeling_data_400_v2/2635_id.csv,3018,discarded,2,2393,2023-03-23T07:35:57.711245Z,2023-03-23T07:35:57.711301Z,21.149
/data/local-files/?d=Desktop/ripple-classifier-data-labeling/labeling_data_400_v2/2596_id.csv,3017,cswr-1,2,2392,2023-03-23T07:35:33.296419Z,2023-03-23T07:35:33.296449Z,9.158
/data/local-files/?d=Desktop/ripple-classifier-data-labeling/labeling_data_400_v2/2452_id.csv,3016,cswr-2,2,2391,2023-03-23T07:35:20.351269Z,2023-03-23T07:35:20.351299Z,35.76
/data/local-files/?d=Desktop/ripple-classifier-data-labeling/labeling_data_400_v2/2416_id.csv,3015,swr,2,2390,2023-03-23T07:34:42.936334Z,2023-03-23T07:34:42.936363Z,13.237
/data/local-files/?d=Desktop/ripple-classifier-data-labeling/labeling_data_400_v2/2406_id.csv,3014,swr,2,2389,2023-03-23T07:34:27.779280Z,2023-03-23T07:34:27.779318Z,17.537
/data/local-files/?d=Desktop/ripple-classifier-data-labeling/labeling_data_400_v2/2403_id.csv,3013,sw,2,2388,2023-03-23T07:34:08.572995Z,2023-03-23T07:34:08.573040Z,13.13
/data/local-files/?d=Desktop/ripple-classifier-data-labeling/labeling_data_400_v2/23_id.csv,3012,swr,2,2387,2023-03-23T07:33:53.993970Z,2023-03-23T07:33:53.994015Z,25.183
/data/local-files/?d=Desktop/ripple-classifier-data-labeling/labeling_data_400_v2/2310_id.csv,3011,discarded,2,2386,2023-03-23T07:21:55.154023Z,2023-03-23T07:21:55.154049Z,26.079
/data/local-files/?d=Desktop/ripple-classifier-data-labeling/labeling_data_400_v2/22_id.csv,3010,cswr-3,2,2385,2023-03-23T07:21:27.274378Z,2023-03-23T07:21:27.274407Z,31.394
/data/local-files/?d=Desktop/ripple-classifier-data-labeling/labeling_data_400_v2/2225_id.csv,3009,swr,2,2384,2023-03-23T07:20:53.883200Z,2023-03-23T07:20:53.883230Z,9.944
/data/local-files/?d=Desktop/ripple-classifier-data-labeling/labeling_data_400_v2/221_id.csv,3008,discarded,2,2383,2023-03-23T07:20:42.053563Z,2023-03-23T07:20:42.053599Z,20.317
/data/local-files/?d=Desktop/ripple-classifier-data-labeling/labeling_data_400_v2/2166_id.csv,3007,sw,2,2382,2023-03-23T07:20:18.851969Z,2023-03-23T07:20:18.851999Z,12.176
/data/local-files/?d=Desktop/ripple-classifier-data-labeling/labeling_data_400_v2/2136_id.csv,3006,swr,2,2381,2023-03-23T07:20:04.057754Z,2023-03-23T07:20:04.057793Z,16.981
/data/local-files/?d=Desktop/ripple-classifier-data-labeling/labeling_data_400_v2/2100_id.csv,3005,discarded,2,2380,2023-03-23T07:19:45.383470Z,2023-03-23T07:19:45.383553Z,10.426
/data/local-files/?d=Desktop/ripple-classifier-data-labeling/labeling_data_400_v2/2033_id.csv,3004,sw,2,2379,2023-03-23T07:19:33.204116Z,2023-03-23T07:19:33.204151Z,36.667
/data/local-files/?d=Desktop/ripple-classifier-data-labeling/labeling_data_400_v2/1936_id.csv,3003,sw,2,2378,2023-03-23T07:18:54.549452Z,2023-03-23T07:18:54.549496Z,11.123
/data/local-files/?d=Desktop/ripple-classifier-data-labeling/labeling_data_400_v2/1902_id.csv,3002,discarded,2,2377,2023-03-23T07:18:41.822810Z,2023-03-23T07:18:41.822835Z,80.91
/data/local-files/?d=Desktop/ripple-classifier-data-labeling/labeling_data_400_v2/18503_id.csv,3001,cswr-1,2,2376,2023-03-23T07:17:19.414966Z,2023-03-23T07:17:19.415006Z,406.39
/data/local-files/?d=Desktop/ripple-classifier-data-labeling/labeling_data_400_v2/18498_id.csv,3000,swr,2,2375,2023-03-23T07:10:29.822491Z,2023-03-23T07:10:29.822545Z,11.65
/data/local-files/?d=Desktop/ripple-classifier-data-labeling/labeling_data_400_v2/18474_id.csv,2999,cswr-1,2,2374,2023-03-23T07:10:15.315550Z,2023-03-23T07:10:15.315580Z,8.994
/data/local-files/?d=Desktop/ripple-classifier-data-labeling/labeling_data_400_v2/18470_id.csv,2998,swr,2,2373,2023-03-23T07:10:01.952084Z,2023-03-23T07:10:01.952136Z,15.368
/data/local-files/?d=Desktop/ripple-classifier-data-labeling/labeling_data_400_v2/18466_id.csv,2997,cswr-3,2,2372,2023-03-23T07:09:43.577257Z,2023-03-23T07:09:43.577286Z,33.26
/data/local-files/?d=Desktop/ripple-classifier-data-labeling/labeling_data_400_v2/18437_id.csv,2996,discarded,2,2371,2023-03-23T07:09:08.237842Z,2023-03-23T07:09:08.237872Z,13.281
/data/local-files/?d=Desktop/ripple-classifier-data-labeling/labeling_data_400_v2/18403_id.csv,2995,swr,2,2370,2023-03-23T07:08:28.823126Z,2023-03-23T07:08:28.823180Z,21.38
/data/local-files/?d=Desktop/ripple-classifier-data-labeling/labeling_data_400_v2/18399_id.csv,2994,swr,2,2369,2023-03-23T07:07:39.884385Z,2023-03-23T07:07:39.884459Z,9.184
/data/local-files/?d=Desktop/ripple-classifier-data-labeling/labeling_data_400_v2/18391_id.csv,2993,swr,2,2368,2023-03-23T07:07:29.121104Z,2023-03-23T07:07:29.121161Z,10.424
/data/local-files/?d=Desktop/ripple-classifier-data-labeling/labeling_data_400_v2/18387_id.csv,2992,swr,2,2367,2023-03-23T07:07:17.296041Z,2023-03-23T07:07:17.296114Z,17.451
/data/local-files/?d=Desktop/ripple-classifier-data-labeling/labeling_data_400_v2/18383_id.csv,2991,swr,2,2366,2023-03-23T07:06:57.240162Z,2023-03-23T07:06:57.240189Z,9.742
/data/local-files/?d=Desktop/ripple-classifier-data-labeling/labeling_data_400_v2/18275_id.csv,2990,sw,2,2365,2023-03-23T07:06:44.079883Z,2023-03-23T07:06:44.079916Z,28.005
/data/local-files/?d=Desktop/ripple-classifier-data-labeling/labeling_data_400_v2/18267_id.csv,2989,swr,2,2364,2023-03-23T07:06:14.546310Z,2023-03-23T07:06:14.546338Z,23.877
/data/local-files/?d=Desktop/ripple-classifier-data-labeling/labeling_data_400_v2/18254_id.csv,2988,sw,2,2363,2023-03-23T07:05:49.130106Z,2023-03-23T07:05:49.130131Z,9.797
/data/local-files/?d=Desktop/ripple-classifier-data-labeling/labeling_data_400_v2/18203_id.csv,2987,sw,2,2362,2023-03-23T07:05:37.923376Z,2023-03-23T07:05:37.923417Z,32.48
/data/local-files/?d=Desktop/ripple-classifier-data-labeling/labeling_data_400_v2/18147_id.csv,2986,sw,2,2361,2023-03-23T07:05:03.530188Z,2023-03-23T07:05:03.530237Z,12.324
/data/local-files/?d=Desktop/ripple-classifier-data-labeling/labeling_data_400_v2/18115_id.csv,2985,swr,2,2360,2023-03-23T07:04:49.560435Z,2023-03-23T07:04:49.560461Z,20.212
/data/local-files/?d=Desktop/ripple-classifier-data-labeling/labeling_data_400_v2/18064_id.csv,2984,sw,2,2359,2023-03-23T07:04:27.761441Z,2023-03-23T07:04:27.761470Z,37.508
/data/local-files/?d=Desktop/ripple-classifier-data-labeling/labeling_data_400_v2/17999_id.csv,2983,sw,2,2358,2023-03-23T05:37:14.348820Z,2023-03-23T05:37:14.348850Z,23.49
/data/local-files/?d=Desktop/ripple-classifier-data-labeling/labeling_data_400_v2/17930_id.csv,2982,discarded,2,2357,2023-03-23T05:36:24.527976Z,2023-03-23T05:36:24.528001Z,17.049
/data/local-files/?d=Desktop/ripple-classifier-data-labeling/labeling_data_400_v2/17922_id.csv,2981,sw,2,2356,2023-03-23T05:36:05.905267Z,2023-03-23T05:36:05.905293Z,39.331
/data/local-files/?d=Desktop/ripple-classifier-data-labeling/labeling_data_400_v2/17905_id.csv,2980,sw,2,2355,2023-03-23T05:34:40.770528Z,2023-03-23T05:35:01.209401Z,48.243
/data/local-files/?d=Desktop/ripple-classifier-data-labeling/labeling_data_400_v2/178_id.csv,2979,cswr-2,2,2354,2023-03-23T05:34:10.689852Z,2023-03-23T05:34:10.689883Z,21.542
/data/local-files/?d=Desktop/ripple-classifier-data-labeling/labeling_data_400_v2/17893_id.csv,2978,sw,2,2353,2023-03-23T05:33:47.163797Z,2023-03-23T05:33:47.163862Z,32.262
/data/local-files/?d=Desktop/ripple-classifier-data-labeling/labeling_data_400_v2/17867_id.csv,2977,cswr-3,2,2352,2023-03-23T05:33:08.926889Z,2023-03-23T05:33:12.665976Z,194.816
/data/local-files/?d=Desktop/ripple-classifier-data-labeling/labeling_data_400_v2/17861_id.csv,2976,discarded,2,2351,2023-03-23T05:29:55.152791Z,2023-03-23T05:29:55.152847Z,11.356
/data/local-files/?d=Desktop/ripple-classifier-data-labeling/labeling_data_400_v2/17859_id.csv,2975,cswr-2,2,2350,2023-03-23T05:29:41.717398Z,2023-03-23T05:29:41.717435Z,33.915
/data/local-files/?d=Desktop/ripple-classifier-data-labeling/labeling_data_400_v2/17858_id.csv,2974,discarded,2,2349,2023-03-23T05:29:04.030843Z,2023-03-23T05:29:04.030898Z,10.995
/data/local-files/?d=Desktop/ripple-classifier-data-labeling/labeling_data_400_v2/17849_id.csv,2973,discarded,2,2348,2023-03-23T05:28:50.726856Z,2023-03-23T05:28:50.726896Z,13.323
/data/local-files/?d=Desktop/ripple-classifier-data-labeling/labeling_data_400_v2/17848_id.csv,2972,discarded,2,2347,2023-03-23T05:28:35.216954Z,2023-03-23T05:28:35.216977Z,37.084
/data/local-files/?d=Desktop/ripple-classifier-data-labeling/labeling_data_400_v2/17838_id.csv,2971,discarded,2,2346,2023-03-23T05:27:54.234850Z,2023-03-23T05:27:54.234902Z,17.293
/data/local-files/?d=Desktop/ripple-classifier-data-labeling/labeling_data_400_v2/17836_id.csv,2970,discarded,2,2345,2023-03-23T05:27:35.023579Z,2023-03-23T05:27:35.023627Z,13.685
/data/local-files/?d=Desktop/ripple-classifier-data-labeling/labeling_data_400_v2/17832_id.csv,2969,discarded,2,2344,2023-03-23T05:27:18.699655Z,2023-03-23T05:27:18.699684Z,20.756
/data/local-files/?d=Desktop/ripple-classifier-data-labeling/labeling_data_400_v2/17830_id.csv,2968,discarded,2,2343,2023-03-23T05:26:55.927138Z,2023-03-23T05:26:55.927190Z,12.116
/data/local-files/?d=Desktop/ripple-classifier-data-labeling/labeling_data_400_v2/17829_id.csv,2967,discarded,2,2342,2023-03-23T05:26:40.041191Z,2023-03-23T05:26:40.041222Z,39.589
/data/local-files/?d=Desktop/ripple-classifier-data-labeling/labeling_data_400_v2/17827_id.csv,2966,swr,2,2341,2023-03-23T05:25:58.686690Z,2023-03-23T05:25:58.686716Z,13.056
/data/local-files/?d=Desktop/ripple-classifier-data-labeling/labeling_data_400_v2/17811_id.csv,2965,swr,2,2340,2023-03-23T05:24:59.419160Z,2023-03-23T05:24:59.419189Z,21.971
/data/local-files/?d=Desktop/ripple-classifier-data-labeling/labeling_data_400_v2/17800_id.csv,2964,discarded,2,2339,2023-03-23T05:24:35.827698Z,2023-03-23T05:24:35.827756Z,11.203
/data/local-files/?d=Desktop/ripple-classifier-data-labeling/labeling_data_400_v2/17795_id.csv,2963,cswr-1,2,2338,2023-03-23T05:24:22.819058Z,2023-03-23T05:24:22.819097Z,12.802
/data/local-files/?d=Desktop/ripple-classifier-data-labeling/labeling_data_400_v2/17792_id.csv,2962,discarded,2,2337,2023-03-23T05:24:04.640670Z,2023-03-23T05:24:04.640700Z,9.272
/data/local-files/?d=Desktop/ripple-classifier-data-labeling/labeling_data_400_v2/17762_id.csv,2961,swr,2,2336,2023-03-23T05:23:53.169618Z,2023-03-23T05:23:53.169684Z,11.685
/data/local-files/?d=Desktop/ripple-classifier-data-labeling/labeling_data_400_v2/17758_id.csv,2960,cswr-2,2,2335,2023-03-23T05:23:39.387027Z,2023-03-23T05:23:39.387060Z,8.827
/data/local-files/?d=Desktop/ripple-classifier-data-labeling/labeling_data_400_v2/17739_id.csv,2959,swr,2,2334,2023-03-23T05:23:28.695644Z,2023-03-23T05:23:28.695671Z,19.373
/data/local-files/?d=Desktop/ripple-classifier-data-labeling/labeling_data_400_v2/17733_id.csv,2958,swr,2,2333,2023-03-23T05:22:25.367122Z,2023-03-23T05:22:25.367162Z,15.495
/data/local-files/?d=Desktop/ripple-classifier-data-labeling/labeling_data_400_v2/17725_id.csv,2957,cswr-2,2,2332,2023-03-23T05:22:06.636310Z,2023-03-23T05:22:06.636336Z,16.859
/data/local-files/?d=Desktop/ripple-classifier-data-labeling/labeling_data_400_v2/17716_id.csv,2956,swr,2,2331,2023-03-23T05:21:48.072336Z,2023-03-23T05:21:48.072407Z,8.84
/data/local-files/?d=Desktop/ripple-classifier-data-labeling/labeling_data_400_v2/17579_id.csv,2955,swr,2,2330,2023-03-23T05:21:37.181201Z,2023-03-23T05:21:37.181241Z,10.408
/data/local-files/?d=Desktop/ripple-classifier-data-labeling/labeling_data_400_v2/17552_id.csv,2954,discarded,2,2329,2023-03-23T05:21:24.875422Z,2023-03-23T05:21:24.875462Z,12.813
/data/local-files/?d=Desktop/ripple-classifier-data-labeling/labeling_data_400_v2/1753_id.csv,2953,discarded,2,2328,2023-03-23T05:21:10.348453Z,2023-03-23T05:21:10.348483Z,69.444
/data/local-files/?d=Desktop/ripple-classifier-data-labeling/labeling_data_400_v2/17399_id.csv,2952,swr,2,2327,2023-03-23T05:19:59.352034Z,2023-03-23T05:19:59.352058Z,13.279
/data/local-files/?d=Desktop/ripple-classifier-data-labeling/labeling_data_400_v2/17398_id.csv,2951,cswr-1,2,2326,2023-03-23T04:29:34.946182Z,2023-03-23T04:29:34.946224Z,16.95
/data/local-files/?d=Desktop/ripple-classifier-data-labeling/labeling_data_400_v2/17381_id.csv,2950,cswr-2,2,2325,2023-03-23T04:29:15.883497Z,2023-03-23T04:29:15.883525Z,24.619
/data/local-files/?d=Desktop/ripple-classifier-data-labeling/labeling_data_400_v2/17371_id.csv,2949,cswr-2,2,2324,2023-03-23T04:28:49.694888Z,2023-03-23T04:28:49.694919Z,119.461
/data/local-files/?d=Desktop/ripple-classifier-data-labeling/labeling_data_400_v2/17349_id.csv,2948,swr,2,2323,2023-03-23T04:26:23.028572Z,2023-03-23T04:26:23.028612Z,9.513
/data/local-files/?d=Desktop/ripple-classifier-data-labeling/labeling_data_400_v2/17306_id.csv,2947,ripple,2,2322,2023-03-23T04:26:11.842848Z,2023-03-23T04:26:11.842872Z,17.801
/data/local-files/?d=Desktop/ripple-classifier-data-labeling/labeling_data_400_v2/17289_id.csv,2946,cswr-1,2,2321,2023-03-23T04:25:42.086374Z,2023-03-23T04:25:42.086400Z,41.906
/data/local-files/?d=Desktop/ripple-classifier-data-labeling/labeling_data_400_v2/17263_id.csv,2945,swr,2,2320,2023-03-23T04:24:57.062743Z,2023-03-23T04:24:57.062774Z,14.162
/data/local-files/?d=Desktop/ripple-classifier-data-labeling/labeling_data_400_v2/1724_id.csv,2944,swr,2,2319,2023-03-23T04:24:41.214220Z,2023-03-23T04:24:41.214247Z,20.047
/data/local-files/?d=Desktop/ripple-classifier-data-labeling/labeling_data_400_v2/17181_id.csv,2943,cswr-1,2,2318,2023-03-23T04:24:19.517631Z,2023-03-23T04:24:19.517657Z,13.904
/data/local-files/?d=Desktop/ripple-classifier-data-labeling/labeling_data_400_v2/17179_id.csv,2942,sw,2,2317,2023-03-23T04:24:04.121609Z,2023-03-23T04:24:04.121643Z,11.032
/data/local-files/?d=Desktop/ripple-classifier-data-labeling/labeling_data_400_v2/1715_id.csv,2941,swr,2,2316,2023-03-23T04:23:51.302785Z,2023-03-23T04:23:51.302858Z,13.349
/data/local-files/?d=Desktop/ripple-classifier-data-labeling/labeling_data_400_v2/17071_id.csv,2940,sw,2,2315,2023-03-23T04:23:36.370118Z,2023-03-23T04:23:36.370201Z,23.951
/data/local-files/?d=Desktop/ripple-classifier-data-labeling/labeling_data_400_v2/16977_id.csv,2939,swr,2,2314,2023-03-23T04:23:10.630398Z,2023-03-23T04:23:10.630438Z,32.254
/data/local-files/?d=Desktop/ripple-classifier-data-labeling/labeling_data_400_v2/16834_id.csv,2938,cswr-1,2,2313,2023-03-23T04:22:33.930323Z,2023-03-23T04:22:33.930349Z,1947.75
/data/local-files/?d=Desktop/ripple-classifier-data-labeling/labeling_data_400_v2/1667_id.csv,2937,cswr-2,2,2312,2023-03-23T03:50:03.244636Z,2023-03-23T03:50:03.244680Z,31.011
/data/local-files/?d=Desktop/ripple-classifier-data-labeling/labeling_data_400_v2/16654_id.csv,2936,sw,2,2311,2023-03-23T03:49:30.469120Z,2023-03-23T03:49:30.469146Z,173.665
/data/local-files/?d=Desktop/ripple-classifier-data-labeling/labeling_data_400_v2/16653_id.csv,2935,discarded,2,2310,2023-03-23T03:46:21.718385Z,2023-03-23T03:46:21.718409Z,41.479
/data/local-files/?d=Desktop/ripple-classifier-data-labeling/labeling_data_400_v2/1660_id.csv,2934,discarded,2,2309,2023-03-23T03:45:38.475936Z,2023-03-23T03:45:38.475970Z,19.28
/data/local-files/?d=Desktop/ripple-classifier-data-labeling/labeling_data_400_v2/16588_id.csv,2933,sw,2,2308,2023-03-23T03:45:17.531428Z,2023-03-23T03:45:17.531454Z,46.915
/data/local-files/?d=Desktop/ripple-classifier-data-labeling/labeling_data_400_v2/16505_id.csv,2932,sw,2,2307,2023-03-23T03:44:28.997601Z,2023-03-23T03:44:28.997632Z,13.692
/data/local-files/?d=Desktop/ripple-classifier-data-labeling/labeling_data_400_v2/16487_id.csv,2931,swr,2,2306,2023-03-23T03:37:22.210656Z,2023-03-23T03:37:22.210692Z,10.035
/data/local-files/?d=Desktop/ripple-classifier-data-labeling/labeling_data_400_v2/1642_id.csv,2930,cswr-1,2,2305,2023-03-23T03:37:10.256008Z,2023-03-23T03:37:10.256036Z,10.187
/data/local-files/?d=Desktop/ripple-classifier-data-labeling/labeling_data_400_v2/16403_id.csv,2929,cswr-3,2,2304,2023-03-23T03:36:58.480610Z,2023-03-23T03:36:58.480644Z,13.927
/data/local-files/?d=Desktop/ripple-classifier-data-labeling/labeling_data_400_v2/16385_id.csv,2928,cswr-2,2,2303,2023-03-23T03:36:42.533019Z,2023-03-23T03:36:42.533049Z,72.818
/data/local-files/?d=Desktop/ripple-classifier-data-labeling/labeling_data_400_v2/16383_id.csv,2927,cswr-3,2,2302,2023-03-23T03:35:26.716270Z,2023-03-23T03:35:26.716297Z,41.498
/data/local-files/?d=Desktop/ripple-classifier-data-labeling/labeling_data_400_v2/16371_id.csv,2926,cswr-1,2,2301,2023-03-23T03:34:43.711810Z,2023-03-23T03:34:43.711862Z,22.062
/data/local-files/?d=Desktop/ripple-classifier-data-labeling/labeling_data_400_v2/16368_id.csv,2925,swr,2,2300,2023-03-23T03:34:19.865433Z,2023-03-23T03:34:19.865458Z,11.286
/data/local-files/?d=Desktop/ripple-classifier-data-labeling/labeling_data_400_v2/16361_id.csv,2924,cswr-1,2,2299,2023-03-23T03:34:06.911242Z,2023-03-23T03:34:06.911274Z,25.222
/data/local-files/?d=Desktop/ripple-classifier-data-labeling/labeling_data_400_v2/16312_id.csv,2923,discarded,2,2298,2023-03-23T03:33:39.431807Z,2023-03-23T03:33:39.431836Z,24.678
/data/local-files/?d=Desktop/ripple-classifier-data-labeling/labeling_data_400_v2/16304_id.csv,2922,cswr-1,2,2297,2023-03-23T03:33:13.027323Z,2023-03-23T03:33:13.027353Z,18.868
/data/local-files/?d=Desktop/ripple-classifier-data-labeling/labeling_data_400_v2/1629_id.csv,2921,ripple,2,2296,2023-03-23T03:32:50.946826Z,2023-03-23T03:32:50.946871Z,15.538
/data/local-files/?d=Desktop/ripple-classifier-data-labeling/labeling_data_400_v2/16299_id.csv,2920,discarded,2,2295,2023-03-23T03:32:33.796401Z,2023-03-23T03:32:33.796434Z,43.187
/data/local-files/?d=Desktop/ripple-classifier-data-labeling/labeling_data_400_v2/16267_id.csv,2919,ripple,2,2294,2023-03-23T03:31:49.088174Z,2023-03-23T03:31:49.088203Z,17.571
/data/local-files/?d=Desktop/ripple-classifier-data-labeling/labeling_data_400_v2/16259_id.csv,2918,cswr-2,2,2293,2023-03-23T03:31:28.173345Z,2023-03-23T03:31:28.173375Z,11.937
/data/local-files/?d=Desktop/ripple-classifier-data-labeling/labeling_data_400_v2/16236_id.csv,2917,cswr-2,2,2292,2023-03-23T03:31:14.654059Z,2023-03-23T03:31:14.654099Z,11.256
/data/local-files/?d=Desktop/ripple-classifier-data-labeling/labeling_data_400_v2/16220_id.csv,2916,discarded,2,2291,2023-03-23T03:31:01.450319Z,2023-03-23T03:31:01.450343Z,31.678
/data/local-files/?d=Desktop/ripple-classifier-data-labeling/labeling_data_400_v2/1621_id.csv,2915,discarded,2,2290,2023-03-23T03:30:28.157517Z,2023-03-23T03:30:28.157543Z,31.161
/data/local-files/?d=Desktop/ripple-classifier-data-labeling/labeling_data_400_v2/16206_id.csv,2914,swr,2,2289,2023-03-23T03:29:55.329317Z,2023-03-23T03:29:55.329356Z,12.968
/data/local-files/?d=Desktop/ripple-classifier-data-labeling/labeling_data_400_v2/16166_id.csv,2913,swr,2,2288,2023-03-23T03:29:40.186911Z,2023-03-23T03:29:40.186945Z,12.27
/data/local-files/?d=Desktop/ripple-classifier-data-labeling/labeling_data_400_v2/1615_id.csv,2912,swr,2,2287,2023-03-23T03:29:24.587992Z,2023-03-23T03:29:24.588033Z,11.026
/data/local-files/?d=Desktop/ripple-classifier-data-labeling/labeling_data_400_v2/16153_id.csv,2911,cswr-1,2,2286,2023-03-23T03:29:11.081714Z,2023-03-23T03:29:11.081808Z,18.988
/data/local-files/?d=Desktop/ripple-classifier-data-labeling/labeling_data_400_v2/16132_id.csv,2910,cswr-3,2,2285,2023-03-23T03:28:50.048498Z,2023-03-23T03:28:50.048528Z,14.454
/data/local-files/?d=Desktop/ripple-classifier-data-labeling/labeling_data_400_v2/16085_id.csv,2909,cswr-2,2,2284,2023-03-23T03:28:34.169173Z,2023-03-23T03:28:34.169209Z,21.276
/data/local-files/?d=Desktop/ripple-classifier-data-labeling/labeling_data_400_v2/16022_id.csv,2908,cswr-1,2,2283,2023-03-23T03:28:11.401461Z,2023-03-23T03:28:11.401500Z,21.59
/data/local-files/?d=Desktop/ripple-classifier-data-labeling/labeling_data_400_v2/16009_id.csv,2907,swr,2,2282,2023-03-23T03:27:47.941309Z,2023-03-23T03:27:47.941339Z,37.609
/data/local-files/?d=Desktop/ripple-classifier-data-labeling/labeling_data_400_v2/15995_id.csv,2906,cswr-1,2,2281,2023-03-23T03:00:15.192957Z,2023-03-23T03:00:15.192985Z,15.057
/data/local-files/?d=Desktop/ripple-classifier-data-labeling/labeling_data_400_v2/15992_id.csv,2905,swr,2,2280,2023-03-23T02:59:54.984183Z,2023-03-23T02:59:54.984215Z,8.527
/data/local-files/?d=Desktop/ripple-classifier-data-labeling/labeling_data_400_v2/15893_id.csv,2904,swr,2,2279,2023-03-23T02:59:43.619473Z,2023-03-23T02:59:43.619513Z,14.585
/data/local-files/?d=Desktop/ripple-classifier-data-labeling/labeling_data_400_v2/15844_id.csv,2903,cswr-1,2,2278,2023-03-23T02:59:27.369946Z,2023-03-23T02:59:27.369970Z,12.656
/data/local-files/?d=Desktop/ripple-classifier-data-labeling/labeling_data_400_v2/15793_id.csv,2902,swr,2,2277,2023-03-23T02:59:12.656793Z,2023-03-23T02:59:12.656828Z,98.061
/data/local-files/?d=Desktop/ripple-classifier-data-labeling/labeling_data_400_v2/15719_id.csv,2901,discarded,2,2276,2023-03-23T02:57:32.272169Z,2023-03-23T02:57:32.272200Z,838.569
/data/local-files/?d=Desktop/ripple-classifier-data-labeling/labeling_data_400_v2/1568_id.csv,2900,cswr-1,2,2275,2023-03-23T02:43:32.088445Z,2023-03-23T02:43:32.088491Z,17.437
/data/local-files/?d=Desktop/ripple-classifier-data-labeling/labeling_data_400_v2/15666_id.csv,2899,swr,2,2274,2023-03-23T02:43:11.464517Z,2023-03-23T02:43:11.464550Z,14.301
/data/local-files/?d=Desktop/ripple-classifier-data-labeling/labeling_data_400_v2/1548_id.csv,2898,cswr-2,2,2273,2023-03-23T02:42:55.034842Z,2023-03-23T02:42:55.034890Z,26.835
/data/local-files/?d=Desktop/ripple-classifier-data-labeling/labeling_data_400_v2/15478_id.csv,2897,swr,2,2272,2023-03-23T02:42:24.444871Z,2023-03-23T02:42:24.444899Z,10.853
/data/local-files/?d=Desktop/ripple-classifier-data-labeling/labeling_data_400_v2/15433_id.csv,2896,swr,2,2271,2023-03-23T02:42:12.069794Z,2023-03-23T02:42:12.069824Z,7.987
/data/local-files/?d=Desktop/ripple-classifier-data-labeling/labeling_data_400_v2/15240_id.csv,2895,cswr-2,2,2270,2023-03-23T02:42:02.496392Z,2023-03-23T02:42:02.496420Z,52.013
/data/local-files/?d=Desktop/ripple-classifier-data-labeling/labeling_data_400_v2/15203_id.csv,2894,cswr-1,2,2269,2023-03-23T02:41:08.848720Z,2023-03-23T02:41:08.848747Z,17.577
/data/local-files/?d=Desktop/ripple-classifier-data-labeling/labeling_data_400_v2/151_id.csv,2893,swr,2,2268,2023-03-23T02:40:49.489840Z,2023-03-23T02:40:49.489864Z,18.935
/data/local-files/?d=Desktop/ripple-classifier-data-labeling/labeling_data_400_v2/1514_id.csv,2892,swr,2,2267,2023-03-23T02:39:47.047813Z,2023-03-23T02:39:47.047855Z,13.284
/data/local-files/?d=Desktop/ripple-classifier-data-labeling/labeling_data_400_v2/1511_id.csv,2891,cswr-2,2,2266,2023-03-23T02:39:32.090048Z,2023-03-23T02:39:32.090081Z,34.708
/data/local-files/?d=Desktop/ripple-classifier-data-labeling/labeling_data_400_v2/15111_id.csv,2890,swr,2,2265,2023-03-23T02:38:54.708846Z,2023-03-23T02:38:54.708886Z,9.705
/data/local-files/?d=Desktop/ripple-classifier-data-labeling/labeling_data_400_v2/1493_id.csv,2889,swr,2,2264,2023-03-23T02:38:43.381870Z,2023-03-23T02:38:43.381896Z,27.904
/data/local-files/?d=Desktop/ripple-classifier-data-labeling/labeling_data_400_v2/14878_id.csv,2888,cswr-1,2,2263,2023-03-23T02:38:13.636361Z,2023-03-23T02:38:13.636414Z,57.305
/data/local-files/?d=Desktop/ripple-classifier-data-labeling/labeling_data_400_v2/1474_id.csv,2887,swr,2,2262,2023-03-23T02:37:13.036689Z,2023-03-23T02:37:13.036715Z,13.892
/data/local-files/?d=Desktop/ripple-classifier-data-labeling/labeling_data_400_v2/14626_id.csv,2886,ripple,2,2261,2023-03-23T02:36:56.934225Z,2023-03-23T02:36:56.934311Z,23.955
/data/local-files/?d=Desktop/ripple-classifier-data-labeling/labeling_data_400_v2/14580_id.csv,2885,discarded,2,2260,2023-03-23T02:36:31.171816Z,2023-03-23T02:36:31.171863Z,20.473
/data/local-files/?d=Desktop/ripple-classifier-data-labeling/labeling_data_400_v2/14563_id.csv,2884,swr,2,2259,2023-03-23T02:36:08.749203Z,2023-03-23T02:36:08.749231Z,231.483
/data/local-files/?d=Desktop/ripple-classifier-data-labeling/labeling_data_400_v2/14556_id.csv,2883,discarded,2,2258,2023-03-23T02:32:14.414159Z,2023-03-23T02:32:14.414210Z,30.532
/data/local-files/?d=Desktop/ripple-classifier-data-labeling/labeling_data_400_v2/14521_id.csv,2882,swr,2,2257,2023-03-23T02:31:42.349171Z,2023-03-23T02:31:42.349203Z,36.575
/data/local-files/?d=Desktop/ripple-classifier-data-labeling/labeling_data_400_v2/14390_id.csv,2881,sw,2,2256,2023-03-23T02:31:04.237504Z,2023-03-23T02:31:04.237559Z,28.433
/data/local-files/?d=Desktop/ripple-classifier-data-labeling/labeling_data_400_v2/1434_id.csv,2880,discarded,2,2255,2023-03-23T02:30:34.301158Z,2023-03-23T02:30:34.301190Z,13.027
/data/local-files/?d=Desktop/ripple-classifier-data-labeling/labeling_data_400_v2/142_id.csv,2879,swr,2,2254,2023-03-23T02:07:16.218940Z,2023-03-23T02:07:16.218998Z,8.119
/data/local-files/?d=Desktop/ripple-classifier-data-labeling/labeling_data_400_v2/1397_id.csv,2878,cswr-2,2,2253,2023-03-23T02:07:05.946641Z,2023-03-23T02:07:05.946666Z,55.661
/data/local-files/?d=Desktop/ripple-classifier-data-labeling/labeling_data_400_v2/1389_id.csv,2877,swr,2,2252,2023-03-23T02:05:10.422076Z,2023-03-23T02:05:10.422147Z,21.48
/data/local-files/?d=Desktop/ripple-classifier-data-labeling/labeling_data_400_v2/13897_id.csv,2876,discarded,2,2251,2023-03-23T02:04:47.346809Z,2023-03-23T02:04:47.346834Z,26.998
/data/local-files/?d=Desktop/ripple-classifier-data-labeling/labeling_data_400_v2/1370_id.csv,2875,cswr-2,2,2250,2023-03-23T02:04:18.724891Z,2023-03-23T02:04:18.724931Z,30.896
/data/local-files/?d=Desktop/ripple-classifier-data-labeling/labeling_data_400_v2/1356_id.csv,2874,cswr-3,2,2249,2023-03-23T02:03:45.883268Z,2023-03-23T02:03:45.883315Z,13.713
/data/local-files/?d=Desktop/ripple-classifier-data-labeling/labeling_data_400_v2/13516_id.csv,2873,cswr-2,2,2248,2023-03-23T02:03:30.390638Z,2023-03-23T02:03:30.390670Z,40.298
/data/local-files/?d=Desktop/ripple-classifier-data-labeling/labeling_data_400_v2/13445_id.csv,2872,ripple,2,2247,2023-03-23T02:02:34.155555Z,2023-03-23T02:02:34.155604Z,12.907
/data/local-files/?d=Desktop/ripple-classifier-data-labeling/labeling_data_400_v2/1328_id.csv,2871,discarded,2,2246,2023-03-23T02:02:18.915164Z,2023-03-23T02:02:18.915254Z,15.212
/data/local-files/?d=Desktop/ripple-classifier-data-labeling/labeling_data_400_v2/13217_id.csv,2870,discarded,2,2245,2023-03-23T02:02:01.947455Z,2023-03-23T02:02:01.947494Z,25.079
/data/local-files/?d=Desktop/ripple-classifier-data-labeling/labeling_data_400_v2/13185_id.csv,2869,ripple,2,2244,2023-03-23T02:01:35.099545Z,2023-03-23T02:01:35.099582Z,17.287
/data/local-files/?d=Desktop/ripple-classifier-data-labeling/labeling_data_400_v2/12923_id.csv,2868,discarded,2,2243,2023-03-23T02:01:14.424986Z,2023-03-23T02:01:14.425012Z,26.435
/data/local-files/?d=Desktop/ripple-classifier-data-labeling/labeling_data_400_v2/12899_id.csv,2867,swr,2,2242,2023-03-23T02:00:37.143399Z,2023-03-23T02:00:37.143433Z,18.151
/data/local-files/?d=Desktop/ripple-classifier-data-labeling/labeling_data_400_v2/1288_id.csv,2866,discarded,2,2241,2023-03-23T02:00:17.157514Z,2023-03-23T02:00:17.157544Z,9.114
/data/local-files/?d=Desktop/ripple-classifier-data-labeling/labeling_data_400_v2/12872_id.csv,2865,ripple,2,2240,2023-03-23T02:00:06.453120Z,2023-03-23T02:00:06.453169Z,20.04
/data/local-files/?d=Desktop/ripple-classifier-data-labeling/labeling_data_400_v2/12871_id.csv,2864,ripple,2,2239,2023-03-23T01:59:44.695921Z,2023-03-23T01:59:44.695956Z,13.227
/data/local-files/?d=Desktop/ripple-classifier-data-labeling/labeling_data_400_v2/12852_id.csv,2863,discarded,2,2238,2023-03-23T01:59:29.843675Z,2023-03-23T01:59:29.843745Z,31.31
/data/local-files/?d=Desktop/ripple-classifier-data-labeling/labeling_data_400_v2/12844_id.csv,2862,swr,2,2237,2023-03-23T01:58:56.888746Z,2023-03-23T01:58:56.888773Z,303.249
/data/local-files/?d=Desktop/ripple-classifier-data-labeling/labeling_data_400_v2/12828_id.csv,2861,cswr-1,2,2236,2023-03-23T01:53:51.922307Z,2023-03-23T01:53:51.922329Z,31.745
/data/local-files/?d=Desktop/ripple-classifier-data-labeling/labeling_data_400_v2/12809_id.csv,2860,ripple,2,2235,2023-03-23T01:53:17.196903Z,2023-03-23T01:53:17.196954Z,20.074
/data/local-files/?d=Desktop/ripple-classifier-data-labeling/labeling_data_400_v2/12745_id.csv,2859,cswr-2,2,2234,2023-03-23T01:52:54.750087Z,2023-03-23T01:52:54.750116Z,95.04
/data/local-files/?d=Desktop/ripple-classifier-data-labeling/labeling_data_400_v2/12731_id.csv,2858,swr,2,2233,2023-03-23T01:51:17.994012Z,2023-03-23T01:51:17.994045Z,12.007
/data/local-files/?d=Desktop/ripple-classifier-data-labeling/labeling_data_400_v2/12725_id.csv,2857,discarded,2,2232,2023-03-23T01:36:03.819582Z,2023-03-23T01:36:03.819639Z,12.827
/data/local-files/?d=Desktop/ripple-classifier-data-labeling/labeling_data_400_v2/12698_id.csv,2856,discarded,2,2231,2023-03-23T01:35:47.587392Z,2023-03-23T01:35:47.587461Z,192.85
/data/local-files/?d=Desktop/ripple-classifier-data-labeling/labeling_data_400_v2/12657_id.csv,2855,discarded,2,2230,2023-03-23T01:32:31.705773Z,2023-03-23T01:32:31.705797Z,23.967
/data/local-files/?d=Desktop/ripple-classifier-data-labeling/labeling_data_400_v2/12656_id.csv,2854,discarded,2,2229,2023-03-23T01:32:06.098696Z,2023-03-23T01:32:06.098720Z,213.564
/data/local-files/?d=Desktop/ripple-classifier-data-labeling/labeling_data_400_v2/12651_id.csv,2853,swr,2,2228,2023-03-23T01:28:30.854143Z,2023-03-23T01:28:30.854183Z,10.556
/data/local-files/?d=Desktop/ripple-classifier-data-labeling/labeling_data_400_v2/12643_id.csv,2852,swr,2,2227,2023-03-23T01:28:17.866784Z,2023-03-23T01:28:17.866815Z,177.664
/data/local-files/?d=Desktop/ripple-classifier-data-labeling/labeling_data_400_v2/12641_id.csv,2851,cswr-1,2,2226,2023-03-23T01:25:17.032336Z,2023-03-23T01:25:17.032395Z,60.283
/data/local-files/?d=Desktop/ripple-classifier-data-labeling/labeling_data_400_v2/12603_id.csv,2850,swr,2,2225,2023-03-23T01:24:12.097861Z,2023-03-23T01:24:12.097897Z,43.544
/data/local-files/?d=Desktop/ripple-classifier-data-labeling/labeling_data_400_v2/12600_id.csv,2849,cswr-2,2,2224,2023-03-23T01:23:26.953343Z,2023-03-23T01:23:26.953382Z,43.152
/data/local-files/?d=Desktop/ripple-classifier-data-labeling/labeling_data_400_v2/12554_id.csv,2848,cswr-1,2,2223,2023-03-23T01:22:41.725314Z,2023-03-23T01:22:41.725342Z,11.184
/data/local-files/?d=Desktop/ripple-classifier-data-labeling/labeling_data_400_v2/12540_id.csv,2847,swr,2,2222,2023-03-23T01:22:28.753958Z,2023-03-23T01:22:28.753999Z,9.033
/data/local-files/?d=Desktop/ripple-classifier-data-labeling/labeling_data_400_v2/1251_id.csv,2846,swr,2,2221,2023-03-23T01:22:17.614722Z,2023-03-23T01:22:17.614777Z,15.153
/data/local-files/?d=Desktop/ripple-classifier-data-labeling/labeling_data_400_v2/12470_id.csv,2845,cswr-2,2,2220,2023-03-23T01:22:00.804138Z,2023-03-23T01:22:00.804167Z,16.242
/data/local-files/?d=Desktop/ripple-classifier-data-labeling/labeling_data_400_v2/12444_id.csv,2844,cswr-2,2,2219,2023-03-23T00:55:04.044539Z,2023-03-23T00:55:04.044565Z,12.23
/data/local-files/?d=Desktop/ripple-classifier-data-labeling/labeling_data_400_v2/12433_id.csv,2843,swr,2,2218,2023-03-23T00:54:49.064758Z,2023-03-23T00:54:49.064811Z,12.933
/data/local-files/?d=Desktop/ripple-classifier-data-labeling/labeling_data_400_v2/1239_id.csv,2842,cswr-2,2,2217,2023-03-23T00:54:34.261600Z,2023-03-23T00:54:34.261637Z,13.654
/data/local-files/?d=Desktop/ripple-classifier-data-labeling/labeling_data_400_v2/12396_id.csv,2841,swr,2,2216,2023-03-23T00:54:18.601234Z,2023-03-23T00:54:18.601291Z,12.455
/data/local-files/?d=Desktop/ripple-classifier-data-labeling/labeling_data_400_v2/1238_id.csv,2840,swr,2,2215,2023-03-23T00:54:04.588451Z,2023-03-23T00:54:04.588524Z,29.659
/data/local-files/?d=Desktop/ripple-classifier-data-labeling/labeling_data_400_v2/12388_id.csv,2839,cswr-1,2,2214,2023-03-23T00:52:25.621089Z,2023-03-23T00:52:25.621132Z,17.749
/data/local-files/?d=Desktop/ripple-classifier-data-labeling/labeling_data_400_v2/12234_id.csv,2838,swr,2,2213,2023-03-23T00:52:04.870656Z,2023-03-23T00:52:04.870699Z,85.333
/data/local-files/?d=Desktop/ripple-classifier-data-labeling/labeling_data_400_v2/12178_id.csv,2837,swr,2,2212,2023-03-23T00:50:04.189534Z,2023-03-23T00:50:04.189561Z,15.737
/data/local-files/?d=Desktop/ripple-classifier-data-labeling/labeling_data_400_v2/12176_id.csv,2836,cswr-1,2,2211,2023-03-23T00:49:46.953591Z,2023-03-23T00:49:46.953635Z,32.458
/data/local-files/?d=Desktop/ripple-classifier-data-labeling/labeling_data_400_v2/12111_id.csv,2835,swr,2,2210,2023-03-23T00:49:13.014082Z,2023-03-23T00:49:13.014115Z,58.163
/data/local-files/?d=Desktop/ripple-classifier-data-labeling/labeling_data_400_v2/12104_id.csv,2834,swr,2,2209,2023-03-23T00:48:11.713320Z,2023-03-23T00:48:11.713368Z,37.745
/data/local-files/?d=Desktop/ripple-classifier-data-labeling/labeling_data_400_v2/118_id.csv,2833,cswr-2,2,2208,2023-03-23T00:47:32.194664Z,2023-03-23T00:47:32.194712Z,27.351
/data/local-files/?d=Desktop/ripple-classifier-data-labeling/labeling_data_400_v2/1175_id.csv,2832,swr,2,2207,2023-03-23T00:47:01.834889Z,2023-03-23T00:47:01.834931Z,58.524
/data/local-files/?d=Desktop/ripple-classifier-data-labeling/labeling_data_400_v2/11606_id.csv,2831,sw,2,2206,2023-03-23T00:46:01.724265Z,2023-03-23T00:46:01.724314Z,42.682
/data/local-files/?d=Desktop/ripple-classifier-data-labeling/labeling_data_400_v2/1154_id.csv,2830,swr,2,2205,2023-03-23T00:44:18.380401Z,2023-03-23T00:44:18.380451Z,10.396
/data/local-files/?d=Desktop/ripple-classifier-data-labeling/labeling_data_400_v2/11422_id.csv,2829,sw,2,2204,2023-03-23T00:44:06.262683Z,2023-03-23T00:44:06.262726Z,32.203
/data/local-files/?d=Desktop/ripple-classifier-data-labeling/labeling_data_400_v2/1132_id.csv,2828,cswr-1,2,2203,2023-03-23T00:43:32.159241Z,2023-03-23T00:43:32.159271Z,57.065
/data/local-files/?d=Desktop/ripple-classifier-data-labeling/labeling_data_400_v2/1097_id.csv,2827,cswr-2,2,2202,2023-03-23T00:42:33.413707Z,2023-03-23T00:42:33.413732Z,24.701
/data/local-files/?d=Desktop/ripple-classifier-data-labeling/labeling_data_400_v2/10979_id.csv,2826,sw,2,2201,2023-03-23T00:42:06.464503Z,2023-03-23T00:42:06.464527Z,95.075
/data/local-files/?d=Desktop/ripple-classifier-data-labeling/labeling_data_400_v2/1096_id.csv,2825,swr,2,2200,2023-03-23T00:40:29.245050Z,2023-03-23T00:40:29.245079Z,20.297
/data/local-files/?d=Desktop/ripple-classifier-data-labeling/labeling_data_400_v2/10447_id.csv,2824,discarded,2,2199,2023-03-23T00:40:06.811650Z,2023-03-23T00:40:06.811702Z,26.182
/data/local-files/?d=Desktop/ripple-classifier-data-labeling/labeling_data_400_v2/10244_id.csv,2823,sw,2,2198,2023-03-23T00:39:38.741663Z,2023-03-23T00:39:38.741693Z,28.799
/data/local-files/?d=Desktop/ripple-classifier-data-labeling/labeling_data_400_v2/10095_id.csv,2822,sw,2,2126,2023-03-15T01:13:21.027198Z,2023-03-15T01:13:21.027249Z,18.017
