csv,id,label,annotator,annotation_id,created_at,updated_at,lead_time
/data/local-files/?d=Desktop/ripple-classifier-data-labeling/labeling_data_400_v2/9950_id.csv,4021,cswr-1,2,2895,2023-03-25T10:08:17.040795Z,2023-03-25T10:08:17.040822Z,11.053
/data/local-files/?d=Desktop/ripple-classifier-data-labeling/labeling_data_400_v2/9776_id.csv,4020,cswr-1,2,2894,2023-03-25T10:07:52.771841Z,2023-03-25T10:08:01.960442Z,16.585
/data/local-files/?d=Desktop/ripple-classifier-data-labeling/labeling_data_400_v2/9642_id.csv,4019,swr,2,2893,2023-03-25T10:07:42.844439Z,2023-03-25T10:07:42.844482Z,21.095
/data/local-files/?d=Desktop/ripple-classifier-data-labeling/labeling_data_400_v2/9609_id.csv,4018,cswr-3,2,2892,2023-03-25T10:07:16.847085Z,2023-03-25T10:07:16.847112Z,11.539
/data/local-files/?d=Desktop/ripple-classifier-data-labeling/labeling_data_400_v2/9595_id.csv,4017,cswr-3,2,2891,2023-03-25T10:07:02.703469Z,2023-03-25T10:07:02.703496Z,19.046
/data/local-files/?d=Desktop/ripple-classifier-data-labeling/labeling_data_400_v2/9591_id.csv,4016,cswr-2,2,2890,2023-03-25T10:06:30.052454Z,2023-03-25T10:06:30.052482Z,24.944
/data/local-files/?d=Desktop/ripple-classifier-data-labeling/labeling_data_400_v2/9576_id.csv,4015,discarded,2,2889,2023-03-25T10:05:45.330409Z,2023-03-25T10:05:45.330437Z,12.548
/data/local-files/?d=Desktop/ripple-classifier-data-labeling/labeling_data_400_v2/9569_id.csv,4014,cswr-3,2,2888,2023-03-25T10:05:30.532410Z,2023-03-25T10:05:30.532444Z,9.935
/data/local-files/?d=Desktop/ripple-classifier-data-labeling/labeling_data_400_v2/9556_id.csv,4013,discarded,2,2887,2023-03-25T10:05:15.190522Z,2023-03-25T10:05:15.190546Z,67.98
/data/local-files/?d=Desktop/ripple-classifier-data-labeling/labeling_data_400_v2/9547_id.csv,4012,discarded,2,2886,2023-03-25T10:03:47.179981Z,2023-03-25T10:03:47.180008Z,11.348
/data/local-files/?d=Desktop/ripple-classifier-data-labeling/labeling_data_400_v2/9528_id.csv,4011,discarded,2,2885,2023-03-25T10:03:33.922345Z,2023-03-25T10:03:33.922394Z,13.708
/data/local-files/?d=Desktop/ripple-classifier-data-labeling/labeling_data_400_v2/949_id.csv,4010,swr,2,2884,2023-03-25T10:03:18.717206Z,2023-03-25T10:03:18.717265Z,8.326
/data/local-files/?d=Desktop/ripple-classifier-data-labeling/labeling_data_400_v2/9494_id.csv,4009,cswr-1,2,2883,2023-03-25T10:02:18.900951Z,2023-03-25T10:03:08.201629Z,83.99600000000001
/data/local-files/?d=Desktop/ripple-classifier-data-labeling/labeling_data_400_v2/9492_id.csv,4008,cswr-2,2,2882,2023-03-25T10:01:41.025817Z,2023-03-25T10:01:41.025841Z,16.423
/data/local-files/?d=Desktop/ripple-classifier-data-labeling/labeling_data_400_v2/9485_id.csv,4007,cswr-3,2,2881,2023-03-25T10:01:21.647341Z,2023-03-25T10:01:21.647378Z,9.707
/data/local-files/?d=Desktop/ripple-classifier-data-labeling/labeling_data_400_v2/9473_id.csv,4006,cswr-1,2,2880,2023-03-25T10:01:03.008647Z,2023-03-25T10:01:09.099180Z,16.447
/data/local-files/?d=Desktop/ripple-classifier-data-labeling/labeling_data_400_v2/9441_id.csv,4005,cswr-1,2,2879,2023-03-25T10:00:50.279447Z,2023-03-25T10:00:50.279495Z,7.11
/data/local-files/?d=Desktop/ripple-classifier-data-labeling/labeling_data_400_v2/9394_id.csv,4004,,2,2878,2023-03-25T10:00:39.994599Z,2023-03-25T10:00:39.994647Z,7.331
/data/local-files/?d=Desktop/ripple-classifier-data-labeling/labeling_data_400_v2/9390_id.csv,4003,cswr-2,2,2877,2023-03-25T10:00:30.907276Z,2023-03-25T10:00:30.907307Z,2769.727
/data/local-files/?d=Desktop/ripple-classifier-data-labeling/labeling_data_400_v2/938_id.csv,4002,cswr-2,2,2876,2023-03-25T09:14:19.198470Z,2023-03-25T09:14:19.198511Z,56.032
/data/local-files/?d=Desktop/ripple-classifier-data-labeling/labeling_data_400_v2/9339_id.csv,4001,cswr-2,2,2875,2023-03-25T09:13:20.393310Z,2023-03-25T09:13:20.393339Z,6.46
/data/local-files/?d=Desktop/ripple-classifier-data-labeling/labeling_data_400_v2/9318_id.csv,4000,cswr-1,2,2874,2023-03-25T09:13:08.983035Z,2023-03-25T09:13:08.983119Z,14.369
/data/local-files/?d=Desktop/ripple-classifier-data-labeling/labeling_data_400_v2/9287_id.csv,3999,cswr-2,2,2873,2023-03-25T09:12:52.010359Z,2023-03-25T09:12:52.010403Z,17.704
/data/local-files/?d=Desktop/ripple-classifier-data-labeling/labeling_data_400_v2/9269_id.csv,3998,swr,2,2872,2023-03-25T09:10:40.868243Z,2023-03-25T09:10:40.868268Z,8.861
/data/local-files/?d=Desktop/ripple-classifier-data-labeling/labeling_data_400_v2/9254_id.csv,3997,discarded,2,2871,2023-03-25T09:10:13.038181Z,2023-03-25T09:10:26.408712Z,123.316
/data/local-files/?d=Desktop/ripple-classifier-data-labeling/labeling_data_400_v2/9186_id.csv,3996,cswr-3,2,2870,2023-03-25T09:08:14.126207Z,2023-03-25T09:08:14.126239Z,772.394
/data/local-files/?d=Desktop/ripple-classifier-data-labeling/labeling_data_400_v2/9170_id.csv,3995,cswr-3,2,2869,2023-03-25T08:55:11.019519Z,2023-03-25T08:55:11.019547Z,16.249
/data/local-files/?d=Desktop/ripple-classifier-data-labeling/labeling_data_400_v2/9147_id.csv,3994,swr,2,2868,2023-03-25T08:54:52.226640Z,2023-03-25T08:54:52.226692Z,20.908
/data/local-files/?d=Desktop/ripple-classifier-data-labeling/labeling_data_400_v2/9107_id.csv,3993,cswr-2,2,2867,2023-03-25T08:54:06.679302Z,2023-03-25T08:54:06.679335Z,11.988
/data/local-files/?d=Desktop/ripple-classifier-data-labeling/labeling_data_400_v2/9089_id.csv,3992,cswr-1,2,2866,2023-03-25T08:53:52.677184Z,2023-03-25T08:53:52.677262Z,8.943
/data/local-files/?d=Desktop/ripple-classifier-data-labeling/labeling_data_400_v2/9077_id.csv,3991,cswr-2,2,2865,2023-03-25T08:53:41.010507Z,2023-03-25T08:53:41.010545Z,40.002
/data/local-files/?d=Desktop/ripple-classifier-data-labeling/labeling_data_400_v2/9071_id.csv,3990,cswr-1,2,2864,2023-03-25T08:52:52.080430Z,2023-03-25T08:52:52.080462Z,18.435
/data/local-files/?d=Desktop/ripple-classifier-data-labeling/labeling_data_400_v2/9055_id.csv,3989,cswr-1,2,2863,2023-03-25T08:52:27.168516Z,2023-03-25T08:52:27.168607Z,12.353
/data/local-files/?d=Desktop/ripple-classifier-data-labeling/labeling_data_400_v2/9037_id.csv,3988,cswr-2,2,2862,2023-03-25T08:51:59.048098Z,2023-03-25T08:52:12.445724Z,22.87
/data/local-files/?d=Desktop/ripple-classifier-data-labeling/labeling_data_400_v2/8987_id.csv,3987,cswr-2,2,2861,2023-03-25T08:51:41.392845Z,2023-03-25T08:51:41.392872Z,12.081
/data/local-files/?d=Desktop/ripple-classifier-data-labeling/labeling_data_400_v2/8964_id.csv,3986,cswr-3,2,2860,2023-03-25T08:51:26.967181Z,2023-03-25T08:51:26.967251Z,12.657
/data/local-files/?d=Desktop/ripple-classifier-data-labeling/labeling_data_400_v2/8960_id.csv,3985,cswr-2,2,2859,2023-03-25T08:50:30.151630Z,2023-03-25T08:50:30.151658Z,11.075
/data/local-files/?d=Desktop/ripple-classifier-data-labeling/labeling_data_400_v2/8938_id.csv,3984,cswr-1,2,2858,2023-03-25T08:50:16.857916Z,2023-03-25T08:50:16.857944Z,12.034
/data/local-files/?d=Desktop/ripple-classifier-data-labeling/labeling_data_400_v2/8931_id.csv,3983,cswr-2,2,2857,2023-03-25T08:50:02.267075Z,2023-03-25T08:50:02.267121Z,76.852
/data/local-files/?d=Desktop/ripple-classifier-data-labeling/labeling_data_400_v2/8928_id.csv,3982,cswr-3,2,2856,2023-03-25T08:48:33.032783Z,2023-03-25T08:48:43.601668Z,18.461
/data/local-files/?d=Desktop/ripple-classifier-data-labeling/labeling_data_400_v2/8924_id.csv,3981,discarded,2,2855,2023-03-25T08:48:22.856260Z,2023-03-25T08:48:22.856288Z,15.737
/data/local-files/?d=Desktop/ripple-classifier-data-labeling/labeling_data_400_v2/8847_id.csv,3980,cswr-1,2,2854,2023-03-25T08:48:00.917760Z,2023-03-25T08:48:05.460341Z,44.095
/data/local-files/?d=Desktop/ripple-classifier-data-labeling/labeling_data_400_v2/8769_id.csv,3979,swr,2,2853,2023-03-25T08:46:45.484284Z,2023-03-25T08:47:18.989649Z,64.392
/data/local-files/?d=Desktop/ripple-classifier-data-labeling/labeling_data_400_v2/8669_id.csv,3978,cswr-1,2,2852,2023-03-25T08:46:00.718853Z,2023-03-25T08:46:00.718916Z,71.919
/data/local-files/?d=Desktop/ripple-classifier-data-labeling/labeling_data_400_v2/8667_id.csv,3977,sw,2,2851,2023-03-25T08:44:46.251918Z,2023-03-25T08:44:46.251951Z,13.887
/data/local-files/?d=Desktop/ripple-classifier-data-labeling/labeling_data_400_v2/8653_id.csv,3976,cswr-2,2,2850,2023-03-25T08:44:00.827451Z,2023-03-25T08:44:00.827489Z,10.635
/data/local-files/?d=Desktop/ripple-classifier-data-labeling/labeling_data_400_v2/8651_id.csv,3975,swr,2,2849,2023-03-25T08:43:37.705954Z,2023-03-25T08:43:37.705984Z,8.899
/data/local-files/?d=Desktop/ripple-classifier-data-labeling/labeling_data_400_v2/8635_id.csv,3974,cswr-2,2,2848,2023-03-25T08:43:23.028437Z,2023-03-25T08:43:23.028464Z,128.823
/data/local-files/?d=Desktop/ripple-classifier-data-labeling/labeling_data_400_v2/8618_id.csv,3973,ripple,2,2847,2023-03-25T08:41:10.518815Z,2023-03-25T08:41:10.518861Z,17.097
/data/local-files/?d=Desktop/ripple-classifier-data-labeling/labeling_data_400_v2/8597_id.csv,3972,cswr-1,2,2846,2023-03-25T08:40:50.765353Z,2023-03-25T08:40:50.765400Z,39.987
/data/local-files/?d=Desktop/ripple-classifier-data-labeling/labeling_data_400_v2/8534_id.csv,3971,sw,7,2713,2023-03-24T16:37:31.322649Z,2023-03-24T16:37:31.322684Z,37.928
/data/local-files/?d=Desktop/ripple-classifier-data-labeling/labeling_data_400_v2/851_id.csv,3970,discarded,7,2712,2023-03-24T16:36:52.136996Z,2023-03-24T16:36:52.137035Z,27.894
/data/local-files/?d=Desktop/ripple-classifier-data-labeling/labeling_data_400_v2/8517_id.csv,3969,cswr-3,7,2711,2023-03-24T16:36:22.421178Z,2023-03-24T16:36:22.421204Z,6.541
/data/local-files/?d=Desktop/ripple-classifier-data-labeling/labeling_data_400_v2/8515_id.csv,3968,cswr-1,7,2710,2023-03-24T16:36:14.644261Z,2023-03-24T16:36:14.644291Z,19.497
/data/local-files/?d=Desktop/ripple-classifier-data-labeling/labeling_data_400_v2/8513_id.csv,3967,cswr-2,7,2709,2023-03-24T16:35:53.906003Z,2023-03-24T16:35:53.906058Z,5.623
/data/local-files/?d=Desktop/ripple-classifier-data-labeling/labeling_data_400_v2/8511_id.csv,3966,ripple,7,2708,2023-03-24T16:35:46.859762Z,2023-03-24T16:35:46.859807Z,55.249
/data/local-files/?d=Desktop/ripple-classifier-data-labeling/labeling_data_400_v2/8505_id.csv,3965,cswr-2,7,2707,2023-03-24T16:34:46.349821Z,2023-03-24T16:34:46.349858Z,10.914
/data/local-files/?d=Desktop/ripple-classifier-data-labeling/labeling_data_400_v2/8504_id.csv,3964,cswr-1,7,2706,2023-03-24T16:34:33.961862Z,2023-03-24T16:34:33.961891Z,41.509
/data/local-files/?d=Desktop/ripple-classifier-data-labeling/labeling_data_400_v2/8500_id.csv,3963,discarded,7,2705,2023-03-24T16:33:51.295122Z,2023-03-24T16:33:51.295150Z,12.793
/data/local-files/?d=Desktop/ripple-classifier-data-labeling/labeling_data_400_v2/8498_id.csv,3961,cswr-1,7,2703,2023-03-24T16:32:53.997452Z,2023-03-24T16:33:32.392596Z,36.09
/data/local-files/?d=Desktop/ripple-classifier-data-labeling/labeling_data_400_v2/8499_id.csv,3962,cswr-2,7,2704,2023-03-24T16:33:11.493407Z,2023-03-24T16:33:11.493436Z,15.884
/data/local-files/?d=Desktop/ripple-classifier-data-labeling/labeling_data_400_v2/8497_id.csv,3960,cswr-2,7,2702,2023-03-24T16:32:33.344065Z,2023-03-24T16:32:33.344091Z,8.869
/data/local-files/?d=Desktop/ripple-classifier-data-labeling/labeling_data_400_v2/8496_id.csv,3959,discarded,7,2701,2023-03-24T16:32:22.850623Z,2023-03-24T16:32:22.850657Z,6.292
/data/local-files/?d=Desktop/ripple-classifier-data-labeling/labeling_data_400_v2/8490_id.csv,3958,discarded,7,2700,2023-03-24T16:32:15.172429Z,2023-03-24T16:32:15.172478Z,14.19
/data/local-files/?d=Desktop/ripple-classifier-data-labeling/labeling_data_400_v2/8488_id.csv,3957,ripple,7,2699,2023-03-24T16:31:35.186169Z,2023-03-24T16:31:52.837989Z,26.277
/data/local-files/?d=Desktop/ripple-classifier-data-labeling/labeling_data_400_v2/8471_id.csv,3956,discarded,7,2698,2023-03-24T16:31:16.137045Z,2023-03-24T16:31:16.137102Z,10.484
/data/local-files/?d=Desktop/ripple-classifier-data-labeling/labeling_data_400_v2/8454_id.csv,3955,swr,7,2697,2023-03-24T16:31:03.717073Z,2023-03-24T16:31:03.717101Z,7.767
/data/local-files/?d=Desktop/ripple-classifier-data-labeling/labeling_data_400_v2/8374_id.csv,3954,sw,7,2696,2023-03-24T16:30:54.564819Z,2023-03-24T16:30:54.564864Z,9.179
/data/local-files/?d=Desktop/ripple-classifier-data-labeling/labeling_data_400_v2/8369_id.csv,3953,cswr-2,7,2695,2023-03-24T16:30:44.195134Z,2023-03-24T16:30:44.195172Z,5.269
/data/local-files/?d=Desktop/ripple-classifier-data-labeling/labeling_data_400_v2/8324_id.csv,3952,discarded,7,2694,2023-03-24T16:30:37.660141Z,2023-03-24T16:30:37.660171Z,8.397
/data/local-files/?d=Desktop/ripple-classifier-data-labeling/labeling_data_400_v2/8314_id.csv,3951,cswr-2,7,2693,2023-03-24T16:30:28.002254Z,2023-03-24T16:30:28.002283Z,9.711
/data/local-files/?d=Desktop/ripple-classifier-data-labeling/labeling_data_400_v2/8300_id.csv,3950,cswr-2,7,2692,2023-03-24T16:30:16.926096Z,2023-03-24T16:30:16.926163Z,14.22
/data/local-files/?d=Desktop/ripple-classifier-data-labeling/labeling_data_400_v2/8268_id.csv,3949,discarded,7,2691,2023-03-24T16:30:01.256231Z,2023-03-24T16:30:01.256273Z,10.129
/data/local-files/?d=Desktop/ripple-classifier-data-labeling/labeling_data_400_v2/8239_id.csv,3948,cswr-3,7,2690,2023-03-24T16:29:36.613875Z,2023-03-24T16:29:36.613904Z,6.941
/data/local-files/?d=Desktop/ripple-classifier-data-labeling/labeling_data_400_v2/8235_id.csv,3947,cswr-2,7,2689,2023-03-24T16:29:26.182916Z,2023-03-24T16:29:26.182951Z,7.221
/data/local-files/?d=Desktop/ripple-classifier-data-labeling/labeling_data_400_v2/822_id.csv,3946,swr,7,2688,2023-03-24T16:29:16.554355Z,2023-03-24T16:29:16.554412Z,19.242
/data/local-files/?d=Desktop/ripple-classifier-data-labeling/labeling_data_400_v2/8192_id.csv,3945,discarded,7,2687,2023-03-24T16:28:55.956802Z,2023-03-24T16:28:55.956838Z,18.819
/data/local-files/?d=Desktop/ripple-classifier-data-labeling/labeling_data_400_v2/8169_id.csv,3944,cswr-2,7,2686,2023-03-24T16:28:34.918437Z,2023-03-24T16:28:34.918473Z,6.562
/data/local-files/?d=Desktop/ripple-classifier-data-labeling/labeling_data_400_v2/8160_id.csv,3943,discarded,7,2685,2023-03-24T16:28:26.910756Z,2023-03-24T16:28:26.910787Z,12.167
/data/local-files/?d=Desktop/ripple-classifier-data-labeling/labeling_data_400_v2/815_id.csv,3942,cswr-1,7,2684,2023-03-24T16:28:13.354449Z,2023-03-24T16:28:13.354481Z,28.677
/data/local-files/?d=Desktop/ripple-classifier-data-labeling/labeling_data_400_v2/8008_id.csv,3941,swr,7,2683,2023-03-24T16:27:41.762149Z,2023-03-24T16:27:41.762182Z,6.994
/data/local-files/?d=Desktop/ripple-classifier-data-labeling/labeling_data_400_v2/7_id.csv,3940,cswr-2,7,2682,2023-03-24T16:27:16.213256Z,2023-03-24T16:27:28.633681Z,26.784
/data/local-files/?d=Desktop/ripple-classifier-data-labeling/labeling_data_400_v2/7950_id.csv,3939,cswr-1,7,2681,2023-03-24T16:26:55.884491Z,2023-03-24T16:26:59.288261Z,10.256
/data/local-files/?d=Desktop/ripple-classifier-data-labeling/labeling_data_400_v2/7934_id.csv,3938,cswr-2,7,2680,2023-03-24T16:26:45.283708Z,2023-03-24T16:26:45.283756Z,6.694
/data/local-files/?d=Desktop/ripple-classifier-data-labeling/labeling_data_400_v2/7922_id.csv,3937,swr,7,2679,2023-03-24T16:26:30.418683Z,2023-03-24T16:26:36.292511Z,23.206
/data/local-files/?d=Desktop/ripple-classifier-data-labeling/labeling_data_400_v2/7904_id.csv,3936,cswr-1,7,2678,2023-03-24T16:26:11.106897Z,2023-03-24T16:26:11.106941Z,16.671
/data/local-files/?d=Desktop/ripple-classifier-data-labeling/labeling_data_400_v2/7861_id.csv,3935,cswr-1,7,2677,2023-03-24T16:25:35.973841Z,2023-03-24T16:25:35.973875Z,7.482
/data/local-files/?d=Desktop/ripple-classifier-data-labeling/labeling_data_400_v2/7816_id.csv,3934,cswr-2,7,2676,2023-03-24T16:25:21.643135Z,2023-03-24T16:25:21.643167Z,10.46
/data/local-files/?d=Desktop/ripple-classifier-data-labeling/labeling_data_400_v2/777_id.csv,3933,swr,7,2675,2023-03-24T16:25:09.860172Z,2023-03-24T16:25:09.860220Z,15.242
/data/local-files/?d=Desktop/ripple-classifier-data-labeling/labeling_data_400_v2/7775_id.csv,3932,cswr-2,7,2674,2023-03-24T16:24:53.211201Z,2023-03-24T16:24:53.211248Z,6.746
/data/local-files/?d=Desktop/ripple-classifier-data-labeling/labeling_data_400_v2/7634_id.csv,3931,discarded,7,2673,2023-03-24T16:24:45.081342Z,2023-03-24T16:24:45.081402Z,6.774
/data/local-files/?d=Desktop/ripple-classifier-data-labeling/labeling_data_400_v2/7565_id.csv,3930,cswr-2,7,2672,2023-03-24T16:24:36.244552Z,2023-03-24T16:24:36.244602Z,6.964
/data/local-files/?d=Desktop/ripple-classifier-data-labeling/labeling_data_400_v2/744_id.csv,3929,sw,7,2671,2023-03-24T16:24:28.170826Z,2023-03-24T16:24:28.170878Z,9.25
/data/local-files/?d=Desktop/ripple-classifier-data-labeling/labeling_data_400_v2/738_id.csv,3928,cswr-1,7,2670,2023-03-24T16:24:16.847800Z,2023-03-24T16:24:16.847828Z,46.239
/data/local-files/?d=Desktop/ripple-classifier-data-labeling/labeling_data_400_v2/7322_id.csv,3927,sw,7,2669,2023-03-24T16:23:28.939810Z,2023-03-24T16:23:28.939850Z,17.657
/data/local-files/?d=Desktop/ripple-classifier-data-labeling/labeling_data_400_v2/713_id.csv,3926,swr,7,2668,2023-03-24T16:23:10.020277Z,2023-03-24T16:23:10.020306Z,14.013
/data/local-files/?d=Desktop/ripple-classifier-data-labeling/labeling_data_400_v2/7130_id.csv,3925,discarded,7,2667,2023-03-24T16:22:53.096805Z,2023-03-24T16:22:53.096880Z,8.521
/data/local-files/?d=Desktop/ripple-classifier-data-labeling/labeling_data_400_v2/685_id.csv,3924,sw,7,2666,2023-03-24T16:22:26.640802Z,2023-03-24T16:22:26.640847Z,5.928
/data/local-files/?d=Desktop/ripple-classifier-data-labeling/labeling_data_400_v2/6854_id.csv,3923,cswr-3,7,2665,2023-03-24T16:21:54.628264Z,2023-03-24T16:22:19.064745Z,34.918
/data/local-files/?d=Desktop/ripple-classifier-data-labeling/labeling_data_400_v2/677_id.csv,3922,sw,7,2664,2023-03-24T16:21:14.986457Z,2023-03-24T16:21:14.986511Z,53.324
/data/local-files/?d=Desktop/ripple-classifier-data-labeling/labeling_data_400_v2/663_id.csv,3921,sw,7,2663,2023-03-24T16:19:46.287095Z,2023-03-24T16:19:46.287123Z,15.088
/data/local-files/?d=Desktop/ripple-classifier-data-labeling/labeling_data_400_v2/651_id.csv,3920,sw,7,2662,2023-03-24T16:19:29.821638Z,2023-03-24T16:19:29.821668Z,9.288
/data/local-files/?d=Desktop/ripple-classifier-data-labeling/labeling_data_400_v2/6507_id.csv,3919,swr,7,2661,2023-03-24T16:19:18.400520Z,2023-03-24T16:19:18.400563Z,19.73
/data/local-files/?d=Desktop/ripple-classifier-data-labeling/labeling_data_400_v2/645_id.csv,3918,swr,7,2660,2023-03-24T16:18:57.348844Z,2023-03-24T16:18:57.348870Z,8.235
/data/local-files/?d=Desktop/ripple-classifier-data-labeling/labeling_data_400_v2/6420_id.csv,3917,sw,7,2659,2023-03-24T16:18:35.380062Z,2023-03-24T16:18:35.380089Z,8.688
/data/local-files/?d=Desktop/ripple-classifier-data-labeling/labeling_data_400_v2/624_id.csv,3916,swr,7,2658,2023-03-24T16:18:24.885576Z,2023-03-24T16:18:24.885603Z,5.494
/data/local-files/?d=Desktop/ripple-classifier-data-labeling/labeling_data_400_v2/6039_id.csv,3915,sw,7,2657,2023-03-24T16:18:15.749816Z,2023-03-24T16:18:15.749850Z,25.495
/data/local-files/?d=Desktop/ripple-classifier-data-labeling/labeling_data_400_v2/5_id.csv,3914,cswr-2,7,2656,2023-03-24T16:17:48.590043Z,2023-03-24T16:17:48.590070Z,13.073
/data/local-files/?d=Desktop/ripple-classifier-data-labeling/labeling_data_400_v2/57_id.csv,3913,swr,7,2655,2023-03-24T16:17:34.146536Z,2023-03-24T16:17:34.146566Z,14.192
/data/local-files/?d=Desktop/ripple-classifier-data-labeling/labeling_data_400_v2/5521_id.csv,3912,cswr-2,7,2654,2023-03-24T16:16:50.041060Z,2023-03-24T16:17:18.576689Z,27.687
/data/local-files/?d=Desktop/ripple-classifier-data-labeling/labeling_data_400_v2/54_id.csv,3911,cswr-2,7,2653,2023-03-24T16:16:39.166499Z,2023-03-24T16:16:39.166550Z,5.156
/data/local-files/?d=Desktop/ripple-classifier-data-labeling/labeling_data_400_v2/5290_id.csv,3910,cswr-1,7,2652,2023-03-24T16:16:31.326608Z,2023-03-24T16:16:31.326638Z,7.04
/data/local-files/?d=Desktop/ripple-classifier-data-labeling/labeling_data_400_v2/5096_id.csv,3909,sw,7,2651,2023-03-24T16:15:47.660529Z,2023-03-24T16:15:47.660574Z,9.853
/data/local-files/?d=Desktop/ripple-classifier-data-labeling/labeling_data_400_v2/49_id.csv,3908,cswr-2,7,2650,2023-03-24T16:15:29.578890Z,2023-03-24T16:15:29.578924Z,6.852
/data/local-files/?d=Desktop/ripple-classifier-data-labeling/labeling_data_400_v2/4834_id.csv,3907,discarded,7,2649,2023-03-24T16:15:20.991851Z,2023-03-24T16:15:20.991912Z,7.195
/data/local-files/?d=Desktop/ripple-classifier-data-labeling/labeling_data_400_v2/46_id.csv,3906,cswr-3,7,2648,2023-03-24T16:15:12.223186Z,2023-03-24T16:15:12.223215Z,39.279
/data/local-files/?d=Desktop/ripple-classifier-data-labeling/labeling_data_400_v2/461_id.csv,3905,cswr-1,7,2647,2023-03-24T16:14:27.411075Z,2023-03-24T16:14:27.411108Z,70.143
/data/local-files/?d=Desktop/ripple-classifier-data-labeling/labeling_data_400_v2/4615_id.csv,3904,cswr-1,7,2646,2023-03-24T16:13:15.915904Z,2023-03-24T16:13:15.915939Z,5.509
/data/local-files/?d=Desktop/ripple-classifier-data-labeling/labeling_data_400_v2/4433_id.csv,3903,discarded,7,2645,2023-03-24T16:13:09.037101Z,2023-03-24T16:13:09.037156Z,7.29
/data/local-files/?d=Desktop/ripple-classifier-data-labeling/labeling_data_400_v2/4417_id.csv,3902,swr,7,2644,2023-03-24T16:13:00.049059Z,2023-03-24T16:13:00.049100Z,8.266
/data/local-files/?d=Desktop/ripple-classifier-data-labeling/labeling_data_400_v2/4367_id.csv,3901,cswr-2,7,2643,2023-03-24T16:12:50.550593Z,2023-03-24T16:12:50.550627Z,19.59
/data/local-files/?d=Desktop/ripple-classifier-data-labeling/labeling_data_400_v2/4349_id.csv,3900,sw,7,2642,2023-03-24T16:12:29.492752Z,2023-03-24T16:12:29.492781Z,14.649
/data/local-files/?d=Desktop/ripple-classifier-data-labeling/labeling_data_400_v2/4347_id.csv,3899,swr,7,2641,2023-03-24T16:12:13.361587Z,2023-03-24T16:12:13.361615Z,45.021
/data/local-files/?d=Desktop/ripple-classifier-data-labeling/labeling_data_400_v2/4188_id.csv,3898,cswr-2,7,2640,2023-03-24T16:11:24.419290Z,2023-03-24T16:11:24.419317Z,9.712
/data/local-files/?d=Desktop/ripple-classifier-data-labeling/labeling_data_400_v2/4176_id.csv,3897,discarded,7,2639,2023-03-24T16:10:43.723462Z,2023-03-24T16:11:13.594798Z,80.298
/data/local-files/?d=Desktop/ripple-classifier-data-labeling/labeling_data_400_v2/4081_id.csv,3896,discarded,7,2638,2023-03-24T16:09:43.354576Z,2023-03-24T16:09:43.354604Z,44.226
/data/local-files/?d=Desktop/ripple-classifier-data-labeling/labeling_data_400_v2/4074_id.csv,3895,cswr-1,7,2637,2023-03-24T16:08:56.518225Z,2023-03-24T16:08:56.518260Z,26.273
/data/local-files/?d=Desktop/ripple-classifier-data-labeling/labeling_data_400_v2/3945_id.csv,3894,cswr-2,7,2636,2023-03-24T16:08:27.203104Z,2023-03-24T16:08:27.203134Z,5.477
/data/local-files/?d=Desktop/ripple-classifier-data-labeling/labeling_data_400_v2/388_id.csv,3893,discarded,7,2635,2023-03-24T16:08:19.981856Z,2023-03-24T16:08:19.981883Z,15.069
/data/local-files/?d=Desktop/ripple-classifier-data-labeling/labeling_data_400_v2/3728_id.csv,3892,cswr-2,7,2634,2023-03-24T16:08:03.446676Z,2023-03-24T16:08:03.446723Z,5.923
/data/local-files/?d=Desktop/ripple-classifier-data-labeling/labeling_data_400_v2/3717_id.csv,3891,discarded,7,2633,2023-03-24T16:07:53.757167Z,2023-03-24T16:07:53.757211Z,25.586
/data/local-files/?d=Desktop/ripple-classifier-data-labeling/labeling_data_400_v2/3711_id.csv,3890,cswr-3,7,2632,2023-03-24T16:03:38.526945Z,2023-03-24T16:03:38.527001Z,20.892
/data/local-files/?d=Desktop/ripple-classifier-data-labeling/labeling_data_400_v2/3704_id.csv,3889,swr,7,2631,2023-03-24T16:03:16.184088Z,2023-03-24T16:03:16.184138Z,5.531
/data/local-files/?d=Desktop/ripple-classifier-data-labeling/labeling_data_400_v2/3690_id.csv,3888,cswr-1,7,2630,2023-03-24T16:03:07.057384Z,2023-03-24T16:03:07.057411Z,7.624
/data/local-files/?d=Desktop/ripple-classifier-data-labeling/labeling_data_400_v2/3684_id.csv,3887,discarded,7,2629,2023-03-24T16:02:58.141933Z,2023-03-24T16:02:58.141990Z,20.973
/data/local-files/?d=Desktop/ripple-classifier-data-labeling/labeling_data_400_v2/3683_id.csv,3886,cswr-1,7,2628,2023-03-24T16:02:35.926213Z,2023-03-24T16:02:35.926252Z,6.675
/data/local-files/?d=Desktop/ripple-classifier-data-labeling/labeling_data_400_v2/367_id.csv,3885,discarded,7,2627,2023-03-24T16:01:37.606568Z,2023-03-24T16:01:37.606617Z,14.66
/data/local-files/?d=Desktop/ripple-classifier-data-labeling/labeling_data_400_v2/3674_id.csv,3884,cswr-2,7,2626,2023-03-24T16:01:15.542666Z,2023-03-24T16:01:15.542695Z,7.721
/data/local-files/?d=Desktop/ripple-classifier-data-labeling/labeling_data_400_v2/3667_id.csv,3883,swr,7,2625,2023-03-24T15:59:06.367910Z,2023-03-24T16:01:00.930860Z,606.303
/data/local-files/?d=Desktop/ripple-classifier-data-labeling/labeling_data_400_v2/3626_id.csv,3882,cswr-1,7,2624,2023-03-24T15:50:42.948840Z,2023-03-24T15:50:42.948881Z,15.119
/data/local-files/?d=Desktop/ripple-classifier-data-labeling/labeling_data_400_v2/3612_id.csv,3881,swr,7,2623,2023-03-24T15:50:25.409823Z,2023-03-24T15:50:25.409866Z,19.934
/data/local-files/?d=Desktop/ripple-classifier-data-labeling/labeling_data_400_v2/35_id.csv,3880,swr,7,2622,2023-03-24T15:49:41.495943Z,2023-03-24T15:49:41.495972Z,6.172
/data/local-files/?d=Desktop/ripple-classifier-data-labeling/labeling_data_400_v2/3598_id.csv,3879,cswr-2,7,2621,2023-03-24T15:49:34.039089Z,2023-03-24T15:49:34.039123Z,11.546
/data/local-files/?d=Desktop/ripple-classifier-data-labeling/labeling_data_400_v2/3549_id.csv,3878,cswr-1,7,2620,2023-03-24T15:49:20.915639Z,2023-03-24T15:49:20.915687Z,12.546
/data/local-files/?d=Desktop/ripple-classifier-data-labeling/labeling_data_400_v2/3548_id.csv,3877,cswr-1,7,2619,2023-03-24T15:49:06.783619Z,2023-03-24T15:49:06.783653Z,18.31
/data/local-files/?d=Desktop/ripple-classifier-data-labeling/labeling_data_400_v2/3534_id.csv,3876,swr,7,2618,2023-03-24T15:48:45.855185Z,2023-03-24T15:48:45.855241Z,8.685
/data/local-files/?d=Desktop/ripple-classifier-data-labeling/labeling_data_400_v2/3528_id.csv,3875,discarded,7,2617,2023-03-24T15:48:34.358607Z,2023-03-24T15:48:34.358634Z,81.862
/data/local-files/?d=Desktop/ripple-classifier-data-labeling/labeling_data_400_v2/3525_id.csv,3874,swr,7,2616,2023-03-24T15:47:10.423554Z,2023-03-24T15:47:10.423588Z,35.686
/data/local-files/?d=Desktop/ripple-classifier-data-labeling/labeling_data_400_v2/3517_id.csv,3873,cswr-1,7,2615,2023-03-24T15:46:32.600211Z,2023-03-24T15:46:32.600292Z,5.379
/data/local-files/?d=Desktop/ripple-classifier-data-labeling/labeling_data_400_v2/3507_id.csv,3872,cswr-2,7,2614,2023-03-24T15:46:24.863176Z,2023-03-24T15:46:24.863219Z,53.714
/data/local-files/?d=Desktop/ripple-classifier-data-labeling/labeling_data_400_v2/3505_id.csv,3871,cswr-2,7,2613,2023-03-24T15:45:29.616224Z,2023-03-24T15:45:29.616258Z,5.766
/data/local-files/?d=Desktop/ripple-classifier-data-labeling/labeling_data_400_v2/3491_id.csv,3870,swr,7,2612,2023-03-24T15:45:16.343861Z,2023-03-24T15:45:22.633726Z,34.097
/data/local-files/?d=Desktop/ripple-classifier-data-labeling/labeling_data_400_v2/3486_id.csv,3869,discarded,7,2611,2023-03-24T15:44:42.873293Z,2023-03-24T15:44:42.873328Z,80.857
/data/local-files/?d=Desktop/ripple-classifier-data-labeling/labeling_data_400_v2/3485_id.csv,3868,cswr-2,7,2610,2023-03-24T15:43:20.410063Z,2023-03-24T15:43:20.410097Z,17.198
/data/local-files/?d=Desktop/ripple-classifier-data-labeling/labeling_data_400_v2/3479_id.csv,3867,cswr-3,7,2609,2023-03-24T15:42:46.934430Z,2023-03-24T15:42:46.934458Z,9.724
/data/local-files/?d=Desktop/ripple-classifier-data-labeling/labeling_data_400_v2/3431_id.csv,3866,cswr-2,7,2608,2023-03-24T15:42:34.761685Z,2023-03-24T15:42:34.761733Z,9.769
/data/local-files/?d=Desktop/ripple-classifier-data-labeling/labeling_data_400_v2/3422_id.csv,3865,sw,7,2607,2023-03-24T15:42:01.173776Z,2023-03-24T15:42:01.173824Z,8.341
/data/local-files/?d=Desktop/ripple-classifier-data-labeling/labeling_data_400_v2/3373_id.csv,3864,discarded,7,2606,2023-03-24T15:41:39.998600Z,2023-03-24T15:41:39.998630Z,27.591
/data/local-files/?d=Desktop/ripple-classifier-data-labeling/labeling_data_400_v2/3334_id.csv,3863,discarded,7,2605,2023-03-24T15:41:10.937345Z,2023-03-24T15:41:10.937375Z,12.546
/data/local-files/?d=Desktop/ripple-classifier-data-labeling/labeling_data_400_v2/3320_id.csv,3862,sw,7,2604,2023-03-24T15:40:57.125410Z,2023-03-24T15:40:57.125449Z,21.122
/data/local-files/?d=Desktop/ripple-classifier-data-labeling/labeling_data_400_v2/3304_id.csv,3861,cswr-2,7,2603,2023-03-24T15:40:34.717062Z,2023-03-24T15:40:34.717094Z,36.523
/data/local-files/?d=Desktop/ripple-classifier-data-labeling/labeling_data_400_v2/3265_id.csv,3860,discarded,7,2602,2023-03-24T15:39:56.736310Z,2023-03-24T15:39:56.736391Z,13.372
/data/local-files/?d=Desktop/ripple-classifier-data-labeling/labeling_data_400_v2/316_id.csv,3859,cswr-2,7,2601,2023-03-24T15:39:39.862440Z,2023-03-24T15:39:39.862467Z,14.79
/data/local-files/?d=Desktop/ripple-classifier-data-labeling/labeling_data_400_v2/3150_id.csv,3858,swr,7,2600,2023-03-24T15:39:23.658923Z,2023-03-24T15:39:23.658956Z,36.427
/data/local-files/?d=Desktop/ripple-classifier-data-labeling/labeling_data_400_v2/3116_id.csv,3857,sw,7,2599,2023-03-24T15:38:45.620754Z,2023-03-24T15:38:45.620780Z,26.862
/data/local-files/?d=Desktop/ripple-classifier-data-labeling/labeling_data_400_v2/3074_id.csv,3856,cswr-1,7,2598,2023-03-24T15:38:15.571461Z,2023-03-24T15:38:15.571541Z,5.878
/data/local-files/?d=Desktop/ripple-classifier-data-labeling/labeling_data_400_v2/3065_id.csv,3855,cswr-1,7,2597,2023-03-24T15:38:08.189919Z,2023-03-24T15:38:08.189959Z,7.211
/data/local-files/?d=Desktop/ripple-classifier-data-labeling/labeling_data_400_v2/3063_id.csv,3854,cswr-1,7,2596,2023-03-24T15:37:59.351942Z,2023-03-24T15:37:59.351970Z,22.431
/data/local-files/?d=Desktop/ripple-classifier-data-labeling/labeling_data_400_v2/3062_id.csv,3853,cswr-2,7,2595,2023-03-24T15:37:34.216128Z,2023-03-24T15:37:34.216159Z,8.334
/data/local-files/?d=Desktop/ripple-classifier-data-labeling/labeling_data_400_v2/3061_id.csv,3852,discarded,7,2594,2023-03-24T15:37:23.328395Z,2023-03-24T15:37:23.328446Z,24.86
/data/local-files/?d=Desktop/ripple-classifier-data-labeling/labeling_data_400_v2/3025_id.csv,3843,cswr-2,7,2593,2023-03-24T15:36:32.876114Z,2023-03-24T15:36:32.876140Z,91.908
/data/local-files/?d=Desktop/ripple-classifier-data-labeling/labeling_data_400_v2/2941_id.csv,3829,ripple,7,2592,2023-03-24T15:34:59.092323Z,2023-03-24T15:34:59.092349Z,63.575
/data/local-files/?d=Desktop/ripple-classifier-data-labeling/labeling_data_400_v2/3056_id.csv,3851,cswr-2,7,2591,2023-03-24T13:46:39.570479Z,2023-03-24T13:46:45.430135Z,21.54
/data/local-files/?d=Desktop/ripple-classifier-data-labeling/labeling_data_400_v2/3049_id.csv,3850,discarded,7,2590,2023-03-24T13:46:22.305944Z,2023-03-24T13:46:22.305975Z,12.331
/data/local-files/?d=Desktop/ripple-classifier-data-labeling/labeling_data_400_v2/3048_id.csv,3849,ripple,7,2589,2023-03-24T13:46:00.217085Z,2023-03-24T13:46:00.217118Z,11.248
/data/local-files/?d=Desktop/ripple-classifier-data-labeling/labeling_data_400_v2/3047_id.csv,3848,discarded,7,2588,2023-03-24T13:45:47.607059Z,2023-03-24T13:45:47.607098Z,7.906
/data/local-files/?d=Desktop/ripple-classifier-data-labeling/labeling_data_400_v2/3046_id.csv,3847,cswr-2,7,2587,2023-03-24T13:45:38.346813Z,2023-03-24T13:45:38.346867Z,6.811
/data/local-files/?d=Desktop/ripple-classifier-data-labeling/labeling_data_400_v2/3044_id.csv,3846,discarded,7,2586,2023-03-24T13:45:30.235952Z,2023-03-24T13:45:30.235979Z,38.498
/data/local-files/?d=Desktop/ripple-classifier-data-labeling/labeling_data_400_v2/3039_id.csv,3845,discarded,7,2585,2023-03-24T13:44:34.266074Z,2023-03-24T13:44:34.266106Z,86.784
/data/local-files/?d=Desktop/ripple-classifier-data-labeling/labeling_data_400_v2/3037_id.csv,3844,discarded,7,2584,2023-03-24T13:43:02.308899Z,2023-03-24T13:43:02.308933Z,13.617
/data/local-files/?d=Desktop/ripple-classifier-data-labeling/labeling_data_400_v2/3023_id.csv,3842,cswr-3,7,2583,2023-03-24T13:39:59.544661Z,2023-03-24T13:39:59.544695Z,32.547
/data/local-files/?d=Desktop/ripple-classifier-data-labeling/labeling_data_400_v2/3021_id.csv,3841,discarded,7,2582,2023-03-24T13:39:14.664327Z,2023-03-24T13:39:14.664358Z,74.512
/data/local-files/?d=Desktop/ripple-classifier-data-labeling/labeling_data_400_v2/3018_id.csv,3840,discarded,7,2581,2023-03-24T13:37:58.387686Z,2023-03-24T13:37:58.387716Z,18.523
/data/local-files/?d=Desktop/ripple-classifier-data-labeling/labeling_data_400_v2/3015_id.csv,3839,cswr-2,7,2580,2023-03-24T13:37:37.119515Z,2023-03-24T13:37:37.119550Z,13.131
/data/local-files/?d=Desktop/ripple-classifier-data-labeling/labeling_data_400_v2/3011_id.csv,3838,cswr-1,7,2579,2023-03-24T13:37:21.964727Z,2023-03-24T13:37:21.964769Z,9.409
/data/local-files/?d=Desktop/ripple-classifier-data-labeling/labeling_data_400_v2/3010_id.csv,3837,cswr-3,7,2578,2023-03-24T13:37:07.716614Z,2023-03-24T13:37:07.716641Z,8.834
/data/local-files/?d=Desktop/ripple-classifier-data-labeling/labeling_data_400_v2/3006_id.csv,3836,sw,7,2577,2023-03-24T13:36:00.126523Z,2023-03-24T13:36:00.126557Z,259.927
/data/local-files/?d=Desktop/ripple-classifier-data-labeling/labeling_data_400_v2/3005_id.csv,3835,swr,7,2576,2023-03-24T13:31:37.942771Z,2023-03-24T13:31:37.942801Z,8.868
/data/local-files/?d=Desktop/ripple-classifier-data-labeling/labeling_data_400_v2/3001_id.csv,3834,discarded,7,2575,2023-03-24T13:31:21.406890Z,2023-03-24T13:31:21.406916Z,170.663
/data/local-files/?d=Desktop/ripple-classifier-data-labeling/labeling_data_400_v2/29_id.csv,3833,swr,7,2574,2023-03-24T13:28:28.333310Z,2023-03-24T13:28:28.333344Z,25.721
/data/local-files/?d=Desktop/ripple-classifier-data-labeling/labeling_data_400_v2/2989_id.csv,3832,cswr-1,7,2573,2023-03-24T13:27:55.513279Z,2023-03-24T13:27:55.513309Z,7.343
/data/local-files/?d=Desktop/ripple-classifier-data-labeling/labeling_data_400_v2/2948_id.csv,3831,swr,7,2572,2023-03-24T13:27:46.834929Z,2023-03-24T13:27:46.834977Z,7.705
/data/local-files/?d=Desktop/ripple-classifier-data-labeling/labeling_data_400_v2/2942_id.csv,3830,cswr-3,7,2571,2023-03-24T13:27:25.237346Z,2023-03-24T13:27:25.237386Z,10.868
/data/local-files/?d=Desktop/ripple-classifier-data-labeling/labeling_data_400_v2/2827_id.csv,3828,discarded,7,2570,2023-03-24T13:23:51.187684Z,2023-03-24T13:23:51.187720Z,15.235
/data/local-files/?d=Desktop/ripple-classifier-data-labeling/labeling_data_400_v2/27_id.csv,3827,swr,7,2569,2023-03-24T13:23:32.697124Z,2023-03-24T13:23:32.697168Z,22.62
/data/local-files/?d=Desktop/ripple-classifier-data-labeling/labeling_data_400_v2/2784_id.csv,3826,cswr-2,7,2568,2023-03-24T09:35:22.619972Z,2023-03-24T09:35:22.619999Z,8.469
/data/local-files/?d=Desktop/ripple-classifier-data-labeling/labeling_data_400_v2/276_id.csv,3825,discarded,7,2567,2023-03-24T09:35:05.527115Z,2023-03-24T09:35:05.527164Z,10.619
/data/local-files/?d=Desktop/ripple-classifier-data-labeling/labeling_data_400_v2/2732_id.csv,3824,cswr-1,7,2566,2023-03-24T09:34:49.691607Z,2023-03-24T09:34:49.691638Z,8.145
/data/local-files/?d=Desktop/ripple-classifier-data-labeling/labeling_data_400_v2/271_id.csv,3823,cswr-3,7,2565,2023-03-24T09:34:00.497987Z,2023-03-24T09:34:00.498020Z,59.362
/data/local-files/?d=Desktop/ripple-classifier-data-labeling/labeling_data_400_v2/2683_id.csv,3822,cswr-1,7,2564,2023-03-24T09:32:55.970397Z,2023-03-24T09:32:55.970441Z,32.721
/data/local-files/?d=Desktop/ripple-classifier-data-labeling/labeling_data_400_v2/2678_id.csv,3821,cswr-1,7,2563,2023-03-24T09:32:21.792107Z,2023-03-24T09:32:21.792148Z,34.822
/data/local-files/?d=Desktop/ripple-classifier-data-labeling/labeling_data_400_v2/2661_id.csv,3820,cswr-1,7,2562,2023-03-24T09:31:43.198079Z,2023-03-24T09:31:43.198121Z,67.904
/data/local-files/?d=Desktop/ripple-classifier-data-labeling/labeling_data_400_v2/2638_id.csv,3819,swr,7,2561,2023-03-24T09:29:28.089023Z,2023-03-24T09:30:32.004581Z,95.824
/data/local-files/?d=Desktop/ripple-classifier-data-labeling/labeling_data_400_v2/2635_id.csv,3818,cswr-3,7,2560,2023-03-24T09:28:15.770048Z,2023-03-24T09:28:15.770102Z,21.105
/data/local-files/?d=Desktop/ripple-classifier-data-labeling/labeling_data_400_v2/2596_id.csv,3817,cswr-1,7,2559,2023-03-24T09:27:53.027151Z,2023-03-24T09:27:53.027185Z,22.919
/data/local-files/?d=Desktop/ripple-classifier-data-labeling/labeling_data_400_v2/2452_id.csv,3816,cswr-2,7,2558,2023-03-24T09:27:26.214370Z,2023-03-24T09:27:26.214402Z,5.878
/data/local-files/?d=Desktop/ripple-classifier-data-labeling/labeling_data_400_v2/2416_id.csv,3815,sw,7,2557,2023-03-24T09:26:36.927044Z,2023-03-24T09:27:17.668460Z,88.40899999999999
/data/local-files/?d=Desktop/ripple-classifier-data-labeling/labeling_data_400_v2/2406_id.csv,3814,cswr-1,7,2556,2023-03-24T09:25:47.204903Z,2023-03-24T09:25:47.204936Z,888.739
/data/local-files/?d=Desktop/ripple-classifier-data-labeling/labeling_data_400_v2/2403_id.csv,3813,sw,7,2555,2023-03-24T09:10:55.950006Z,2023-03-24T09:10:55.950042Z,23.326
/data/local-files/?d=Desktop/ripple-classifier-data-labeling/labeling_data_400_v2/23_id.csv,3812,cswr-1,7,2554,2023-03-24T09:10:30.475544Z,2023-03-24T09:10:30.475576Z,33.963
/data/local-files/?d=Desktop/ripple-classifier-data-labeling/labeling_data_400_v2/2310_id.csv,3811,cswr-1,7,2553,2023-03-24T09:09:55.228301Z,2023-03-24T09:09:55.228349Z,10.501
/data/local-files/?d=Desktop/ripple-classifier-data-labeling/labeling_data_400_v2/22_id.csv,3810,cswr-2,7,2552,2023-03-24T09:09:42.893857Z,2023-03-24T09:09:42.893900Z,23.059
/data/local-files/?d=Desktop/ripple-classifier-data-labeling/labeling_data_400_v2/2225_id.csv,3809,swr,7,2551,2023-03-24T09:09:18.109313Z,2023-03-24T09:09:18.109357Z,7.589
/data/local-files/?d=Desktop/ripple-classifier-data-labeling/labeling_data_400_v2/221_id.csv,3808,cswr-3,7,2550,2023-03-24T09:09:05.609756Z,2023-03-24T09:09:05.609833Z,7.058
/data/local-files/?d=Desktop/ripple-classifier-data-labeling/labeling_data_400_v2/2166_id.csv,3807,sw,7,2549,2023-03-24T08:50:56.751254Z,2023-03-24T08:50:56.751281Z,27.669
/data/local-files/?d=Desktop/ripple-classifier-data-labeling/labeling_data_400_v2/2136_id.csv,3806,swr,7,2548,2023-03-23T13:18:15.033787Z,2023-03-23T13:18:15.033815Z,12.719
/data/local-files/?d=Desktop/ripple-classifier-data-labeling/labeling_data_400_v2/2100_id.csv,3805,swr,7,2547,2023-03-23T13:18:00.882771Z,2023-03-23T13:18:00.882810Z,28.654
/data/local-files/?d=Desktop/ripple-classifier-data-labeling/labeling_data_400_v2/2033_id.csv,3804,cswr-1,7,2546,2023-03-23T13:17:24.128435Z,2023-03-23T13:17:24.128462Z,31.875
/data/local-files/?d=Desktop/ripple-classifier-data-labeling/labeling_data_400_v2/1936_id.csv,3803,sw,7,2545,2023-03-23T13:16:14.810401Z,2023-03-23T13:16:14.810452Z,41.204
/data/local-files/?d=Desktop/ripple-classifier-data-labeling/labeling_data_400_v2/1902_id.csv,3802,swr,7,2544,2023-03-23T13:15:33.130034Z,2023-03-23T13:15:33.130063Z,26.951
/data/local-files/?d=Desktop/ripple-classifier-data-labeling/labeling_data_400_v2/18503_id.csv,3801,discarded,7,2543,2023-03-23T13:14:51.861726Z,2023-03-23T13:14:51.861760Z,29.648
/data/local-files/?d=Desktop/ripple-classifier-data-labeling/labeling_data_400_v2/18498_id.csv,3800,cswr-3,7,2542,2023-03-23T13:14:19.181796Z,2023-03-23T13:14:19.181828Z,13.51
/data/local-files/?d=Desktop/ripple-classifier-data-labeling/labeling_data_400_v2/18474_id.csv,3799,cswr-1,7,2541,2023-03-23T13:14:04.251963Z,2023-03-23T13:14:04.251998Z,6.324
/data/local-files/?d=Desktop/ripple-classifier-data-labeling/labeling_data_400_v2/18470_id.csv,3798,swr,7,2540,2023-03-23T13:13:56.387286Z,2023-03-23T13:13:56.387314Z,4.823
/data/local-files/?d=Desktop/ripple-classifier-data-labeling/labeling_data_400_v2/18466_id.csv,3797,cswr-3,7,2539,2023-03-23T13:13:50.359357Z,2023-03-23T13:13:50.359392Z,6.633
/data/local-files/?d=Desktop/ripple-classifier-data-labeling/labeling_data_400_v2/18437_id.csv,3796,discarded,7,2538,2023-03-23T13:13:41.919082Z,2023-03-23T13:13:41.919119Z,6.692
/data/local-files/?d=Desktop/ripple-classifier-data-labeling/labeling_data_400_v2/18403_id.csv,3795,cswr-1,7,2537,2023-03-23T13:13:33.815482Z,2023-03-23T13:13:33.815515Z,183.038
/data/local-files/?d=Desktop/ripple-classifier-data-labeling/labeling_data_400_v2/18399_id.csv,3794,swr,7,2536,2023-03-23T13:10:18.872063Z,2023-03-23T13:10:18.872093Z,8.007
/data/local-files/?d=Desktop/ripple-classifier-data-labeling/labeling_data_400_v2/18391_id.csv,3793,cswr-1,7,2535,2023-03-23T13:10:09.491469Z,2023-03-23T13:10:09.491523Z,5.844
/data/local-files/?d=Desktop/ripple-classifier-data-labeling/labeling_data_400_v2/18387_id.csv,3792,cswr-1,7,2534,2023-03-23T13:10:02.041201Z,2023-03-23T13:10:02.041228Z,32.867
/data/local-files/?d=Desktop/ripple-classifier-data-labeling/labeling_data_400_v2/18383_id.csv,3791,swr,7,2533,2023-03-23T13:09:23.571868Z,2023-03-23T13:09:23.571896Z,27.26
/data/local-files/?d=Desktop/ripple-classifier-data-labeling/labeling_data_400_v2/18275_id.csv,3790,swr,7,2532,2023-03-23T13:08:53.380310Z,2023-03-23T13:08:53.380342Z,54.753
/data/local-files/?d=Desktop/ripple-classifier-data-labeling/labeling_data_400_v2/18267_id.csv,3789,cswr-1,7,2531,2023-03-23T13:07:57.195392Z,2023-03-23T13:07:57.195428Z,24.513
/data/local-files/?d=Desktop/ripple-classifier-data-labeling/labeling_data_400_v2/18254_id.csv,3788,cswr-1,7,2530,2023-03-23T13:07:30.197519Z,2023-03-23T13:07:30.197561Z,17.935
/data/local-files/?d=Desktop/ripple-classifier-data-labeling/labeling_data_400_v2/18203_id.csv,3787,cswr-1,7,2529,2023-03-23T13:06:28.677068Z,2023-03-23T13:07:10.253060Z,314.085
/data/local-files/?d=Desktop/ripple-classifier-data-labeling/labeling_data_400_v2/18147_id.csv,3786,sw,7,2528,2023-03-23T13:01:16.427936Z,2023-03-23T13:01:16.427973Z,61.472
/data/local-files/?d=Desktop/ripple-classifier-data-labeling/labeling_data_400_v2/18115_id.csv,3785,cswr-2,7,2527,2023-03-23T13:00:13.703940Z,2023-03-23T13:00:13.703988Z,11.242
/data/local-files/?d=Desktop/ripple-classifier-data-labeling/labeling_data_400_v2/18064_id.csv,3784,cswr-2,7,2526,2023-03-23T12:59:13.199019Z,2023-03-23T12:59:58.405392Z,75.678
/data/local-files/?d=Desktop/ripple-classifier-data-labeling/labeling_data_400_v2/17999_id.csv,3783,sw,7,2525,2023-03-23T12:58:40.194528Z,2023-03-23T12:58:40.194600Z,9.902
/data/local-files/?d=Desktop/ripple-classifier-data-labeling/labeling_data_400_v2/17930_id.csv,3782,swr,7,2524,2023-03-23T12:58:27.709851Z,2023-03-23T12:58:27.709878Z,6.869
/data/local-files/?d=Desktop/ripple-classifier-data-labeling/labeling_data_400_v2/17922_id.csv,3781,sw,7,2523,2023-03-23T12:58:19.269871Z,2023-03-23T12:58:19.269898Z,10.386
/data/local-files/?d=Desktop/ripple-classifier-data-labeling/labeling_data_400_v2/17905_id.csv,3780,sw,7,2522,2023-03-23T12:58:06.685393Z,2023-03-23T12:58:06.685467Z,9.669
/data/local-files/?d=Desktop/ripple-classifier-data-labeling/labeling_data_400_v2/178_id.csv,3779,cswr-2,7,2521,2023-03-23T12:57:25.059648Z,2023-03-23T12:57:25.059697Z,7.556
/data/local-files/?d=Desktop/ripple-classifier-data-labeling/labeling_data_400_v2/17893_id.csv,3778,sw,7,2520,2023-03-23T12:57:12.784971Z,2023-03-23T12:57:12.784999Z,53.672
/data/local-files/?d=Desktop/ripple-classifier-data-labeling/labeling_data_400_v2/17867_id.csv,3777,cswr-3,7,2519,2023-03-23T12:50:54.371362Z,2023-03-23T12:50:54.371428Z,9.167
/data/local-files/?d=Desktop/ripple-classifier-data-labeling/labeling_data_400_v2/17861_id.csv,3776,discarded,7,2518,2023-03-23T12:50:39.680049Z,2023-03-23T12:50:39.680095Z,57.289
/data/local-files/?d=Desktop/ripple-classifier-data-labeling/labeling_data_400_v2/17859_id.csv,3775,cswr-3,7,2517,2023-03-23T12:49:41.187837Z,2023-03-23T12:49:41.187868Z,12.993
/data/local-files/?d=Desktop/ripple-classifier-data-labeling/labeling_data_400_v2/17858_id.csv,3774,discarded,7,2516,2023-03-23T12:49:26.381393Z,2023-03-23T12:49:26.381434Z,7.35
/data/local-files/?d=Desktop/ripple-classifier-data-labeling/labeling_data_400_v2/17849_id.csv,3773,discarded,7,2515,2023-03-23T12:49:17.435455Z,2023-03-23T12:49:17.435485Z,19.38
/data/local-files/?d=Desktop/ripple-classifier-data-labeling/labeling_data_400_v2/17848_id.csv,3772,discarded,7,2514,2023-03-23T12:48:56.773199Z,2023-03-23T12:48:56.773231Z,10.24
/data/local-files/?d=Desktop/ripple-classifier-data-labeling/labeling_data_400_v2/17838_id.csv,3771,cswr-2,7,2513,2023-03-23T12:48:44.385857Z,2023-03-23T12:48:44.385916Z,20.02
/data/local-files/?d=Desktop/ripple-classifier-data-labeling/labeling_data_400_v2/17836_id.csv,3770,discarded,7,2512,2023-03-23T12:48:22.877201Z,2023-03-23T12:48:22.877234Z,41.11
/data/local-files/?d=Desktop/ripple-classifier-data-labeling/labeling_data_400_v2/17832_id.csv,3769,discarded,7,2511,2023-03-23T12:47:40.498480Z,2023-03-23T12:47:40.498514Z,70.579
/data/local-files/?d=Desktop/ripple-classifier-data-labeling/labeling_data_400_v2/17830_id.csv,3768,discarded,7,2510,2023-03-23T12:46:28.843449Z,2023-03-23T12:46:28.843493Z,38.04
/data/local-files/?d=Desktop/ripple-classifier-data-labeling/labeling_data_400_v2/17829_id.csv,3767,discarded,7,2509,2023-03-23T12:45:49.241681Z,2023-03-23T12:45:49.241713Z,7.665
/data/local-files/?d=Desktop/ripple-classifier-data-labeling/labeling_data_400_v2/17827_id.csv,3766,swr,7,2508,2023-03-23T12:44:12.354420Z,2023-03-23T12:44:12.354452Z,16.249
/data/local-files/?d=Desktop/ripple-classifier-data-labeling/labeling_data_400_v2/17811_id.csv,3765,discarded,7,2507,2023-03-23T12:43:53.842403Z,2023-03-23T12:43:53.842441Z,7.862
/data/local-files/?d=Desktop/ripple-classifier-data-labeling/labeling_data_400_v2/17800_id.csv,3764,swr,7,2506,2023-03-23T12:43:38.903429Z,2023-03-23T12:43:44.863198Z,316.945
/data/local-files/?d=Desktop/ripple-classifier-data-labeling/labeling_data_400_v2/17795_id.csv,3763,cswr-1,7,2505,2023-03-23T12:38:23.124133Z,2023-03-23T12:38:23.124185Z,8.244
/data/local-files/?d=Desktop/ripple-classifier-data-labeling/labeling_data_400_v2/17792_id.csv,3762,discarded,7,2504,2023-03-23T12:38:13.383769Z,2023-03-23T12:38:13.383819Z,5.753
/data/local-files/?d=Desktop/ripple-classifier-data-labeling/labeling_data_400_v2/17762_id.csv,3761,swr,7,2503,2023-03-23T12:38:06.348732Z,2023-03-23T12:38:06.348787Z,28.607
/data/local-files/?d=Desktop/ripple-classifier-data-labeling/labeling_data_400_v2/17758_id.csv,3760,cswr-3,7,2502,2023-03-23T12:37:36.352684Z,2023-03-23T12:37:36.352718Z,12.812
/data/local-files/?d=Desktop/ripple-classifier-data-labeling/labeling_data_400_v2/17739_id.csv,3759,cswr-1,7,2501,2023-03-23T12:37:20.465946Z,2023-03-23T12:37:20.465973Z,6.259
/data/local-files/?d=Desktop/ripple-classifier-data-labeling/labeling_data_400_v2/17733_id.csv,3758,sw,7,2500,2023-03-23T12:37:12.789686Z,2023-03-23T12:37:12.789723Z,9.774
/data/local-files/?d=Desktop/ripple-classifier-data-labeling/labeling_data_400_v2/17725_id.csv,3757,cswr-2,7,2499,2023-03-23T12:37:01.617807Z,2023-03-23T12:37:01.617832Z,172.077
/data/local-files/?d=Desktop/ripple-classifier-data-labeling/labeling_data_400_v2/17716_id.csv,3756,swr,7,2498,2023-03-23T12:34:04.013479Z,2023-03-23T12:34:04.013519Z,56.502
/data/local-files/?d=Desktop/ripple-classifier-data-labeling/labeling_data_400_v2/17579_id.csv,3755,swr,7,2497,2023-03-23T12:33:04.817659Z,2023-03-23T12:33:04.817704Z,5.812
/data/local-files/?d=Desktop/ripple-classifier-data-labeling/labeling_data_400_v2/17552_id.csv,3754,discarded,7,2496,2023-03-23T12:32:57.083238Z,2023-03-23T12:32:57.083268Z,19.796
/data/local-files/?d=Desktop/ripple-classifier-data-labeling/labeling_data_400_v2/1753_id.csv,3753,cswr-3,7,2495,2023-03-23T11:39:56.715878Z,2023-03-23T11:39:56.715907Z,38.446
/data/local-files/?d=Desktop/ripple-classifier-data-labeling/labeling_data_400_v2/17399_id.csv,3752,cswr-1,7,2494,2023-03-23T11:39:15.568293Z,2023-03-23T11:39:15.568338Z,10.271
/data/local-files/?d=Desktop/ripple-classifier-data-labeling/labeling_data_400_v2/17398_id.csv,3751,cswr-2,7,2493,2023-03-23T11:38:59.577112Z,2023-03-23T11:38:59.577147Z,16.674
/data/local-files/?d=Desktop/ripple-classifier-data-labeling/labeling_data_400_v2/17381_id.csv,3750,cswr-2,7,2492,2023-03-23T11:38:41.244195Z,2023-03-23T11:38:41.244232Z,7.967
/data/local-files/?d=Desktop/ripple-classifier-data-labeling/labeling_data_400_v2/17371_id.csv,3749,ripple,7,2491,2023-03-23T11:38:26.871160Z,2023-03-23T11:38:26.871188Z,31.408
/data/local-files/?d=Desktop/ripple-classifier-data-labeling/labeling_data_400_v2/17349_id.csv,3748,swr,7,2490,2023-03-23T11:37:53.613451Z,2023-03-23T11:37:53.613493Z,6.451
/data/local-files/?d=Desktop/ripple-classifier-data-labeling/labeling_data_400_v2/17306_id.csv,3747,discarded,7,2489,2023-03-23T11:37:09.988310Z,2023-03-23T11:37:09.988342Z,12.317
/data/local-files/?d=Desktop/ripple-classifier-data-labeling/labeling_data_400_v2/17289_id.csv,3746,cswr-1,7,2488,2023-03-23T11:36:56.264898Z,2023-03-23T11:36:56.264929Z,48.383
/data/local-files/?d=Desktop/ripple-classifier-data-labeling/labeling_data_400_v2/17263_id.csv,3745,swr,7,2487,2023-03-23T11:36:04.442658Z,2023-03-23T11:36:04.442709Z,9.519
/data/local-files/?d=Desktop/ripple-classifier-data-labeling/labeling_data_400_v2/1724_id.csv,3744,sw,7,2486,2023-03-23T11:35:53.528220Z,2023-03-23T11:35:53.528246Z,10.541
/data/local-files/?d=Desktop/ripple-classifier-data-labeling/labeling_data_400_v2/17181_id.csv,3743,discarded,7,2485,2023-03-23T11:35:40.745030Z,2023-03-23T11:35:40.745059Z,9.964
/data/local-files/?d=Desktop/ripple-classifier-data-labeling/labeling_data_400_v2/17179_id.csv,3742,sw,7,2484,2023-03-23T11:35:28.610759Z,2023-03-23T11:35:28.610811Z,20.188
/data/local-files/?d=Desktop/ripple-classifier-data-labeling/labeling_data_400_v2/1715_id.csv,3741,swr,7,2483,2023-03-23T11:35:05.931479Z,2023-03-23T11:35:05.931539Z,6.841
/data/local-files/?d=Desktop/ripple-classifier-data-labeling/labeling_data_400_v2/17071_id.csv,3740,swr,7,2482,2023-03-23T11:34:57.307275Z,2023-03-23T11:34:57.307334Z,8.691
/data/local-files/?d=Desktop/ripple-classifier-data-labeling/labeling_data_400_v2/16977_id.csv,3739,cswr-1,7,2481,2023-03-23T11:34:46.502366Z,2023-03-23T11:34:46.502391Z,152.287
/data/local-files/?d=Desktop/ripple-classifier-data-labeling/labeling_data_400_v2/16834_id.csv,3738,sw,7,2480,2023-03-23T11:32:12.476997Z,2023-03-23T11:32:12.477024Z,8.763
/data/local-files/?d=Desktop/ripple-classifier-data-labeling/labeling_data_400_v2/1667_id.csv,3737,cswr-2,7,2479,2023-03-23T11:31:28.547421Z,2023-03-23T11:31:28.547454Z,21.14
/data/local-files/?d=Desktop/ripple-classifier-data-labeling/labeling_data_400_v2/16654_id.csv,3736,swr,7,2478,2023-03-23T11:31:06.080033Z,2023-03-23T11:31:06.080065Z,29.607
/data/local-files/?d=Desktop/ripple-classifier-data-labeling/labeling_data_400_v2/16653_id.csv,3735,sw,7,2477,2023-03-23T11:30:34.968300Z,2023-03-23T11:30:34.968350Z,44.059
/data/local-files/?d=Desktop/ripple-classifier-data-labeling/labeling_data_400_v2/1660_id.csv,3734,discarded,7,2476,2023-03-23T11:29:48.289998Z,2023-03-23T11:29:48.290038Z,13.088
/data/local-files/?d=Desktop/ripple-classifier-data-labeling/labeling_data_400_v2/16588_id.csv,3733,discarded,7,2475,2023-03-23T11:29:04.436712Z,2023-03-23T11:29:04.436742Z,75.053
/data/local-files/?d=Desktop/ripple-classifier-data-labeling/labeling_data_400_v2/16505_id.csv,3732,sw,7,2474,2023-03-23T11:27:16.140051Z,2023-03-23T11:27:16.140082Z,7.966
/data/local-files/?d=Desktop/ripple-classifier-data-labeling/labeling_data_400_v2/16487_id.csv,3731,swr,7,2473,2023-03-23T11:26:03.136007Z,2023-03-23T11:26:03.136036Z,11.831
/data/local-files/?d=Desktop/ripple-classifier-data-labeling/labeling_data_400_v2/1642_id.csv,3730,cswr-2,7,2472,2023-03-23T11:25:47.982143Z,2023-03-23T11:25:47.982177Z,61.146
/data/local-files/?d=Desktop/ripple-classifier-data-labeling/labeling_data_400_v2/16403_id.csv,3729,cswr-3,7,2471,2023-03-23T11:24:45.358094Z,2023-03-23T11:24:45.358126Z,26.283
/data/local-files/?d=Desktop/ripple-classifier-data-labeling/labeling_data_400_v2/16385_id.csv,3728,cswr-2,7,2470,2023-03-23T11:23:49.888032Z,2023-03-23T11:24:17.332337Z,31.291
/data/local-files/?d=Desktop/ripple-classifier-data-labeling/labeling_data_400_v2/16383_id.csv,3727,discarded,7,2469,2023-03-23T11:23:38.210723Z,2023-03-23T11:23:38.210760Z,9.526
/data/local-files/?d=Desktop/ripple-classifier-data-labeling/labeling_data_400_v2/16371_id.csv,3726,cswr-2,7,2468,2023-03-23T11:18:45.041524Z,2023-03-23T11:22:03.170454Z,83.952
/data/local-files/?d=Desktop/ripple-classifier-data-labeling/labeling_data_400_v2/16368_id.csv,3725,discarded,7,2467,2023-03-23T11:17:14.524320Z,2023-03-23T11:17:14.524353Z,18.257
/data/local-files/?d=Desktop/ripple-classifier-data-labeling/labeling_data_400_v2/16361_id.csv,3724,cswr-3,7,2466,2023-03-23T11:16:54.671996Z,2023-03-23T11:16:54.672048Z,34.83
/data/local-files/?d=Desktop/ripple-classifier-data-labeling/labeling_data_400_v2/16312_id.csv,3723,discarded,7,2465,2023-03-23T11:16:18.373646Z,2023-03-23T11:16:18.373692Z,12.071
/data/local-files/?d=Desktop/ripple-classifier-data-labeling/labeling_data_400_v2/16304_id.csv,3722,discarded,7,2464,2023-03-23T11:16:00.043724Z,2023-03-23T11:16:00.043754Z,49.64
/data/local-files/?d=Desktop/ripple-classifier-data-labeling/labeling_data_400_v2/1629_id.csv,3721,discarded,7,2463,2023-03-23T11:15:09.062648Z,2023-03-23T11:15:09.062686Z,10.415
/data/local-files/?d=Desktop/ripple-classifier-data-labeling/labeling_data_400_v2/16299_id.csv,3720,discarded,7,2462,2023-03-23T11:14:56.291572Z,2023-03-23T11:14:56.291606Z,9.632
/data/local-files/?d=Desktop/ripple-classifier-data-labeling/labeling_data_400_v2/16267_id.csv,3719,ripple,7,2461,2023-03-23T11:14:44.773864Z,2023-03-23T11:14:44.773895Z,49.625
/data/local-files/?d=Desktop/ripple-classifier-data-labeling/labeling_data_400_v2/16259_id.csv,3718,cswr-2,7,2460,2023-03-23T11:13:52.592122Z,2023-03-23T11:13:52.592158Z,8.869
/data/local-files/?d=Desktop/ripple-classifier-data-labeling/labeling_data_400_v2/16236_id.csv,3717,cswr-2,7,2459,2023-03-23T11:13:42.464768Z,2023-03-23T11:13:42.464819Z,33.264
/data/local-files/?d=Desktop/ripple-classifier-data-labeling/labeling_data_400_v2/16220_id.csv,3716,sw,7,2458,2023-03-23T11:13:07.360632Z,2023-03-23T11:13:07.360663Z,289.549
/data/local-files/?d=Desktop/ripple-classifier-data-labeling/labeling_data_400_v2/1621_id.csv,3715,cswr-2,7,2457,2023-03-23T11:08:13.800661Z,2023-03-23T11:08:13.800694Z,35.459
/data/local-files/?d=Desktop/ripple-classifier-data-labeling/labeling_data_400_v2/16206_id.csv,3714,swr,7,2456,2023-03-23T11:07:31.696722Z,2023-03-23T11:07:31.696771Z,9.417
/data/local-files/?d=Desktop/ripple-classifier-data-labeling/labeling_data_400_v2/16166_id.csv,3713,swr,7,2455,2023-03-23T11:07:18.173788Z,2023-03-23T11:07:18.173821Z,162.42
/data/local-files/?d=Desktop/ripple-classifier-data-labeling/labeling_data_400_v2/1615_id.csv,3712,discarded,7,2454,2023-03-23T11:04:34.213052Z,2023-03-23T11:04:34.213092Z,10.919
/data/local-files/?d=Desktop/ripple-classifier-data-labeling/labeling_data_400_v2/16153_id.csv,3711,cswr-2,7,2453,2023-03-23T11:04:21.686774Z,2023-03-23T11:04:21.686806Z,104.416
/data/local-files/?d=Desktop/ripple-classifier-data-labeling/labeling_data_400_v2/16132_id.csv,3710,cswr-3,7,2452,2023-03-23T11:02:30.139153Z,2023-03-23T11:02:30.139188Z,39.747
/data/local-files/?d=Desktop/ripple-classifier-data-labeling/labeling_data_400_v2/16085_id.csv,3709,cswr-2,7,2451,2023-03-23T11:01:49.018546Z,2023-03-23T11:01:49.018577Z,34.002
/data/local-files/?d=Desktop/ripple-classifier-data-labeling/labeling_data_400_v2/16022_id.csv,3708,cswr-2,7,2450,2023-03-23T11:01:13.631833Z,2023-03-23T11:01:13.631862Z,28.353
/data/local-files/?d=Desktop/ripple-classifier-data-labeling/labeling_data_400_v2/16009_id.csv,3707,ripple,7,2449,2023-03-23T11:00:36.829733Z,2023-03-23T11:00:43.414431Z,89.34100000000001
/data/local-files/?d=Desktop/ripple-classifier-data-labeling/labeling_data_400_v2/15995_id.csv,3706,discarded,7,2448,2023-03-23T10:59:09.568105Z,2023-03-23T10:59:09.568159Z,126.537
/data/local-files/?d=Desktop/ripple-classifier-data-labeling/labeling_data_400_v2/15992_id.csv,3705,swr,7,2447,2023-03-23T10:57:00.613842Z,2023-03-23T10:57:00.613869Z,6.683
/data/local-files/?d=Desktop/ripple-classifier-data-labeling/labeling_data_400_v2/15893_id.csv,3704,ripple,7,2446,2023-03-23T10:56:52.450825Z,2023-03-23T10:56:52.450861Z,30.183
/data/local-files/?d=Desktop/ripple-classifier-data-labeling/labeling_data_400_v2/15844_id.csv,3703,swr,7,2445,2023-03-23T10:55:17.831403Z,2023-03-23T10:56:02.017436Z,109.293
/data/local-files/?d=Desktop/ripple-classifier-data-labeling/labeling_data_400_v2/15793_id.csv,3702,swr,7,2444,2023-03-23T10:54:10.272064Z,2023-03-23T10:54:10.272103Z,13.402
/data/local-files/?d=Desktop/ripple-classifier-data-labeling/labeling_data_400_v2/15719_id.csv,3701,discarded,7,2443,2023-03-23T10:53:51.115390Z,2023-03-23T10:53:51.115424Z,1702.592
/data/local-files/?d=Desktop/ripple-classifier-data-labeling/labeling_data_400_v2/1568_id.csv,3700,discarded,7,2442,2023-03-23T10:20:40.609312Z,2023-03-23T10:20:40.609342Z,10.512
/data/local-files/?d=Desktop/ripple-classifier-data-labeling/labeling_data_400_v2/15666_id.csv,3699,cswr-1,7,2441,2023-03-23T10:20:23.032310Z,2023-03-23T10:20:23.032346Z,57.644
/data/local-files/?d=Desktop/ripple-classifier-data-labeling/labeling_data_400_v2/1548_id.csv,3698,discarded,7,2440,2023-03-23T10:17:00.161750Z,2023-03-23T10:17:00.161782Z,154.812
/data/local-files/?d=Desktop/ripple-classifier-data-labeling/labeling_data_400_v2/15478_id.csv,3697,swr,7,2439,2023-03-23T10:14:23.880439Z,2023-03-23T10:14:23.880472Z,1069.87
/data/local-files/?d=Desktop/ripple-classifier-data-labeling/labeling_data_400_v2/15433_id.csv,3696,cswr-1,7,2438,2023-03-23T09:56:32.194237Z,2023-03-23T09:56:32.194267Z,21.661
/data/local-files/?d=Desktop/ripple-classifier-data-labeling/labeling_data_400_v2/15240_id.csv,3695,discarded,7,2437,2023-03-23T09:56:08.886727Z,2023-03-23T09:56:08.886769Z,6.304
/data/local-files/?d=Desktop/ripple-classifier-data-labeling/labeling_data_400_v2/15203_id.csv,3694,cswr-1,7,2436,2023-03-23T09:55:58.842604Z,2023-03-23T09:55:58.842630Z,21.57
/data/local-files/?d=Desktop/ripple-classifier-data-labeling/labeling_data_400_v2/151_id.csv,3693,cswr-1,7,2435,2023-03-23T09:55:34.669272Z,2023-03-23T09:55:34.669316Z,95.834
/data/local-files/?d=Desktop/ripple-classifier-data-labeling/labeling_data_400_v2/1514_id.csv,3692,cswr-1,7,2197,2023-03-22T16:00:08.624290Z,2023-03-22T16:00:08.624324Z,19.189
/data/local-files/?d=Desktop/ripple-classifier-data-labeling/labeling_data_400_v2/1511_id.csv,3691,cswr-2,7,2196,2023-03-22T15:59:48.064004Z,2023-03-22T15:59:48.064055Z,8.657
/data/local-files/?d=Desktop/ripple-classifier-data-labeling/labeling_data_400_v2/15111_id.csv,3690,swr,7,2195,2023-03-22T15:59:37.769617Z,2023-03-22T15:59:37.769667Z,5.519
/data/local-files/?d=Desktop/ripple-classifier-data-labeling/labeling_data_400_v2/1493_id.csv,3689,swr,7,2194,2023-03-22T15:59:30.560922Z,2023-03-22T15:59:30.560958Z,9.854
/data/local-files/?d=Desktop/ripple-classifier-data-labeling/labeling_data_400_v2/14878_id.csv,3688,cswr-2,7,2193,2023-03-22T15:59:11.861018Z,2023-03-22T15:59:11.861053Z,14.064
/data/local-files/?d=Desktop/ripple-classifier-data-labeling/labeling_data_400_v2/1474_id.csv,3687,swr,7,2192,2023-03-22T15:58:53.951100Z,2023-03-22T15:58:53.951130Z,8.474
/data/local-files/?d=Desktop/ripple-classifier-data-labeling/labeling_data_400_v2/14626_id.csv,3686,discarded,7,2191,2023-03-22T15:58:43.643405Z,2023-03-22T15:58:43.643434Z,8.777
/data/local-files/?d=Desktop/ripple-classifier-data-labeling/labeling_data_400_v2/14580_id.csv,3685,discarded,7,2190,2023-03-22T15:58:29.577067Z,2023-03-22T15:58:29.577120Z,8.957
/data/local-files/?d=Desktop/ripple-classifier-data-labeling/labeling_data_400_v2/14563_id.csv,3684,sw,7,2189,2023-03-22T15:58:15.873245Z,2023-03-22T15:58:15.873294Z,7.885
/data/local-files/?d=Desktop/ripple-classifier-data-labeling/labeling_data_400_v2/14556_id.csv,3683,discarded,7,2188,2023-03-22T15:57:54.751770Z,2023-03-22T15:57:54.751818Z,15.117
/data/local-files/?d=Desktop/ripple-classifier-data-labeling/labeling_data_400_v2/14521_id.csv,3682,sw,7,2187,2023-03-22T15:57:36.045209Z,2023-03-22T15:57:36.045243Z,7.042
/data/local-files/?d=Desktop/ripple-classifier-data-labeling/labeling_data_400_v2/14390_id.csv,3681,sw,7,2186,2023-03-22T15:57:23.211806Z,2023-03-22T15:57:23.211835Z,19.33
/data/local-files/?d=Desktop/ripple-classifier-data-labeling/labeling_data_400_v2/1434_id.csv,3680,discarded,7,2185,2023-03-22T15:56:43.456955Z,2023-03-22T15:56:43.456983Z,90.242
/data/local-files/?d=Desktop/ripple-classifier-data-labeling/labeling_data_400_v2/142_id.csv,3679,swr,7,2184,2023-03-22T15:55:10.008939Z,2023-03-22T15:55:10.008993Z,6.494
/data/local-files/?d=Desktop/ripple-classifier-data-labeling/labeling_data_400_v2/1397_id.csv,3678,cswr-3,7,2183,2023-03-22T15:55:00.088722Z,2023-03-22T15:55:00.088773Z,24.165
/data/local-files/?d=Desktop/ripple-classifier-data-labeling/labeling_data_400_v2/1389_id.csv,3677,swr,7,2182,2023-03-22T15:54:33.598416Z,2023-03-22T15:54:33.598458Z,12.288
/data/local-files/?d=Desktop/ripple-classifier-data-labeling/labeling_data_400_v2/13897_id.csv,3676,discarded,7,2181,2023-03-22T15:54:04.323551Z,2023-03-22T15:54:04.323602Z,6.685
/data/local-files/?d=Desktop/ripple-classifier-data-labeling/labeling_data_400_v2/1370_id.csv,3675,cswr-2,7,2180,2023-03-22T15:53:56.012517Z,2023-03-22T15:53:56.012562Z,6.71
/data/local-files/?d=Desktop/ripple-classifier-data-labeling/labeling_data_400_v2/1356_id.csv,3674,cswr-3,7,2179,2023-03-22T15:53:48.095650Z,2023-03-22T15:53:48.095699Z,10.659
/data/local-files/?d=Desktop/ripple-classifier-data-labeling/labeling_data_400_v2/13516_id.csv,3673,discarded,7,2178,2023-03-22T15:53:36.195068Z,2023-03-22T15:53:36.195110Z,65.082
/data/local-files/?d=Desktop/ripple-classifier-data-labeling/labeling_data_400_v2/13445_id.csv,3672,ripple,7,2177,2023-03-22T15:52:29.161748Z,2023-03-22T15:52:29.161783Z,8.968
/data/local-files/?d=Desktop/ripple-classifier-data-labeling/labeling_data_400_v2/1328_id.csv,3671,discarded,7,2176,2023-03-22T15:52:17.377927Z,2023-03-22T15:52:17.377965Z,8.553
/data/local-files/?d=Desktop/ripple-classifier-data-labeling/labeling_data_400_v2/13217_id.csv,3670,discarded,7,2175,2023-03-22T15:52:06.604296Z,2023-03-22T15:52:06.604352Z,12.456
/data/local-files/?d=Desktop/ripple-classifier-data-labeling/labeling_data_400_v2/13185_id.csv,3669,discarded,7,2174,2023-03-22T15:51:52.683235Z,2023-03-22T15:51:52.683284Z,9.355
/data/local-files/?d=Desktop/ripple-classifier-data-labeling/labeling_data_400_v2/12923_id.csv,3668,discarded,7,2173,2023-03-22T15:51:38.398019Z,2023-03-22T15:51:38.398054Z,43.495
/data/local-files/?d=Desktop/ripple-classifier-data-labeling/labeling_data_400_v2/12899_id.csv,3667,swr,7,2172,2023-03-22T15:50:50.558573Z,2023-03-22T15:50:50.558603Z,8.897
/data/local-files/?d=Desktop/ripple-classifier-data-labeling/labeling_data_400_v2/1288_id.csv,3666,discarded,7,2171,2023-03-22T15:50:39.269506Z,2023-03-22T15:50:39.269556Z,8.197
/data/local-files/?d=Desktop/ripple-classifier-data-labeling/labeling_data_400_v2/12872_id.csv,3665,discarded,7,2170,2023-03-22T15:50:29.664597Z,2023-03-22T15:50:29.664637Z,7.555
/data/local-files/?d=Desktop/ripple-classifier-data-labeling/labeling_data_400_v2/12871_id.csv,3664,discarded,7,2169,2023-03-22T15:50:17.207525Z,2023-03-22T15:50:17.207564Z,13.451
/data/local-files/?d=Desktop/ripple-classifier-data-labeling/labeling_data_400_v2/12852_id.csv,3663,discarded,7,2168,2023-03-22T15:50:00.600486Z,2023-03-22T15:50:00.600521Z,34.992
/data/local-files/?d=Desktop/ripple-classifier-data-labeling/labeling_data_400_v2/12844_id.csv,3662,sw,7,2167,2023-03-22T15:49:18.415971Z,2023-03-22T15:49:18.416030Z,15.757
/data/local-files/?d=Desktop/ripple-classifier-data-labeling/labeling_data_400_v2/12828_id.csv,3661,ripple,7,2166,2023-03-22T15:48:56.150054Z,2023-03-22T15:48:56.150081Z,18.897
/data/local-files/?d=Desktop/ripple-classifier-data-labeling/labeling_data_400_v2/12809_id.csv,3660,discarded,7,2165,2023-03-22T15:48:35.859835Z,2023-03-22T15:48:35.859871Z,21.45
/data/local-files/?d=Desktop/ripple-classifier-data-labeling/labeling_data_400_v2/12745_id.csv,3659,cswr-2,7,2164,2023-03-22T15:48:13.025733Z,2023-03-22T15:48:13.025765Z,63.234
/data/local-files/?d=Desktop/ripple-classifier-data-labeling/labeling_data_400_v2/12731_id.csv,3658,swr,7,2163,2023-03-22T15:47:07.882247Z,2023-03-22T15:47:07.882296Z,6.949
/data/local-files/?d=Desktop/ripple-classifier-data-labeling/labeling_data_400_v2/12725_id.csv,3657,discarded,7,2162,2023-03-22T15:46:59.033787Z,2023-03-22T15:46:59.033813Z,9.818
/data/local-files/?d=Desktop/ripple-classifier-data-labeling/labeling_data_400_v2/12698_id.csv,3656,discarded,7,2161,2023-03-22T15:46:46.248698Z,2023-03-22T15:46:46.248753Z,11.306
/data/local-files/?d=Desktop/ripple-classifier-data-labeling/labeling_data_400_v2/12657_id.csv,3655,discarded,7,2160,2023-03-22T15:46:33.531884Z,2023-03-22T15:46:33.531935Z,7.384
/data/local-files/?d=Desktop/ripple-classifier-data-labeling/labeling_data_400_v2/12656_id.csv,3654,cswr-2,7,2159,2023-03-22T15:46:23.558800Z,2023-03-22T15:46:23.558827Z,19.64
/data/local-files/?d=Desktop/ripple-classifier-data-labeling/labeling_data_400_v2/12600_id.csv,3649,discarded,7,2158,2023-03-22T15:45:56.115267Z,2023-03-22T15:45:56.115296Z,54.365
/data/local-files/?d=Desktop/ripple-classifier-data-labeling/labeling_data_400_v2/12651_id.csv,3653,swr,7,2157,2023-03-22T15:44:55.251754Z,2023-03-22T15:44:55.251802Z,7.096
/data/local-files/?d=Desktop/ripple-classifier-data-labeling/labeling_data_400_v2/12643_id.csv,3652,swr,7,2156,2023-03-22T15:44:46.539156Z,2023-03-22T15:44:46.539190Z,28.122
/data/local-files/?d=Desktop/ripple-classifier-data-labeling/labeling_data_400_v2/12641_id.csv,3651,discarded,7,2155,2023-03-22T15:44:17.061201Z,2023-03-22T15:44:17.061234Z,10.601
/data/local-files/?d=Desktop/ripple-classifier-data-labeling/labeling_data_400_v2/12603_id.csv,3650,discarded,7,2154,2023-03-22T15:44:04.762438Z,2023-03-22T15:44:04.762521Z,14.169
/data/local-files/?d=Desktop/ripple-classifier-data-labeling/labeling_data_400_v2/12554_id.csv,3648,swr,7,2153,2023-03-22T15:42:28.007984Z,2023-03-22T15:43:16.010772Z,54.938
/data/local-files/?d=Desktop/ripple-classifier-data-labeling/labeling_data_400_v2/12540_id.csv,3647,swr,7,2152,2023-03-22T15:42:17.520099Z,2023-03-22T15:42:17.520127Z,14.189
/data/local-files/?d=Desktop/ripple-classifier-data-labeling/labeling_data_400_v2/1251_id.csv,3646,cswr-1,7,2151,2023-03-22T15:40:47.093172Z,2023-03-22T15:41:31.040469Z,73.025
/data/local-files/?d=Desktop/ripple-classifier-data-labeling/labeling_data_400_v2/12470_id.csv,3645,cswr-2,7,2150,2023-03-22T15:40:15.435479Z,2023-03-22T15:40:15.435506Z,148.14
/data/local-files/?d=Desktop/ripple-classifier-data-labeling/labeling_data_400_v2/12444_id.csv,3644,discarded,7,2149,2023-03-22T15:37:39.302577Z,2023-03-22T15:37:39.302605Z,17.43
/data/local-files/?d=Desktop/ripple-classifier-data-labeling/labeling_data_400_v2/12433_id.csv,3643,swr,7,2148,2023-03-22T15:37:14.496000Z,2023-03-22T15:37:14.496040Z,8.426
/data/local-files/?d=Desktop/ripple-classifier-data-labeling/labeling_data_400_v2/1239_id.csv,3642,cswr-2,7,2147,2023-03-22T15:36:36.266135Z,2023-03-22T15:36:36.266163Z,8.901
/data/local-files/?d=Desktop/ripple-classifier-data-labeling/labeling_data_400_v2/12396_id.csv,3641,swr,7,2146,2023-03-22T15:36:23.779325Z,2023-03-22T15:36:23.779410Z,5.969
/data/local-files/?d=Desktop/ripple-classifier-data-labeling/labeling_data_400_v2/1238_id.csv,3640,swr,7,2145,2023-03-22T15:36:15.111638Z,2023-03-22T15:36:15.111670Z,82.404
/data/local-files/?d=Desktop/ripple-classifier-data-labeling/labeling_data_400_v2/12388_id.csv,3639,discarded,7,2144,2023-03-22T15:34:43.491204Z,2023-03-22T15:34:43.491236Z,44.994
/data/local-files/?d=Desktop/ripple-classifier-data-labeling/labeling_data_400_v2/12234_id.csv,3638,swr,7,2143,2023-03-22T15:33:57.268913Z,2023-03-22T15:33:57.268947Z,14.761
/data/local-files/?d=Desktop/ripple-classifier-data-labeling/labeling_data_400_v2/12178_id.csv,3637,swr,7,2142,2023-03-22T15:33:39.948259Z,2023-03-22T15:33:39.948316Z,6.685
/data/local-files/?d=Desktop/ripple-classifier-data-labeling/labeling_data_400_v2/12176_id.csv,3636,sw,7,2141,2023-03-22T15:33:25.437634Z,2023-03-22T15:33:25.437685Z,8.067
/data/local-files/?d=Desktop/ripple-classifier-data-labeling/labeling_data_400_v2/12111_id.csv,3635,discarded,7,2140,2023-03-22T15:33:16.005042Z,2023-03-22T15:33:16.005080Z,83.703
/data/local-files/?d=Desktop/ripple-classifier-data-labeling/labeling_data_400_v2/12104_id.csv,3634,swr,7,2139,2023-03-22T15:31:48.463731Z,2023-03-22T15:31:48.463757Z,7.654
/data/local-files/?d=Desktop/ripple-classifier-data-labeling/labeling_data_400_v2/118_id.csv,3633,cswr-2,7,2138,2023-03-22T15:31:39.234509Z,2023-03-22T15:31:39.234560Z,66.164
/data/local-files/?d=Desktop/ripple-classifier-data-labeling/labeling_data_400_v2/1175_id.csv,3632,swr,7,2137,2023-03-22T15:30:30.227924Z,2023-03-22T15:30:30.227954Z,141.767
/data/local-files/?d=Desktop/ripple-classifier-data-labeling/labeling_data_400_v2/11606_id.csv,3631,cswr-2,7,2136,2023-03-22T15:28:06.927033Z,2023-03-22T15:28:06.927063Z,468.995
/data/local-files/?d=Desktop/ripple-classifier-data-labeling/labeling_data_400_v2/1154_id.csv,3630,swr,7,2135,2023-03-22T15:20:16.401897Z,2023-03-22T15:20:16.401946Z,4.413
/data/local-files/?d=Desktop/ripple-classifier-data-labeling/labeling_data_400_v2/11422_id.csv,3629,discarded,7,2134,2023-03-22T15:19:57.655486Z,2023-03-22T15:19:57.655518Z,14.262
/data/local-files/?d=Desktop/ripple-classifier-data-labeling/labeling_data_400_v2/1132_id.csv,3628,cswr-1,7,2133,2023-03-22T15:19:41.814907Z,2023-03-22T15:19:41.814946Z,84.267
/data/local-files/?d=Desktop/ripple-classifier-data-labeling/labeling_data_400_v2/1097_id.csv,3627,cswr-1,7,2132,2023-03-22T15:16:19.114928Z,2023-03-22T15:18:11.655693Z,148.373
/data/local-files/?d=Desktop/ripple-classifier-data-labeling/labeling_data_400_v2/10979_id.csv,3626,cswr-2,7,2131,2023-03-22T15:15:27.818611Z,2023-03-22T15:15:27.818652Z,13.535
/data/local-files/?d=Desktop/ripple-classifier-data-labeling/labeling_data_400_v2/1096_id.csv,3625,swr,7,2130,2023-03-22T15:15:13.033777Z,2023-03-22T15:15:13.033826Z,315.44
/data/local-files/?d=Desktop/ripple-classifier-data-labeling/labeling_data_400_v2/10447_id.csv,3624,discarded,7,2129,2023-03-22T15:06:25.555723Z,2023-03-22T15:06:25.555763Z,1243.283
/data/local-files/?d=Desktop/ripple-classifier-data-labeling/labeling_data_400_v2/10244_id.csv,3623,sw,7,2128,2023-03-22T14:45:40.713014Z,2023-03-22T14:45:40.713049Z,24.696
/data/local-files/?d=Desktop/ripple-classifier-data-labeling/labeling_data_400_v2/10095_id.csv,3622,sw,7,2127,2023-03-22T14:31:21.418405Z,2023-03-22T14:31:21.418432Z,19.549
