,id,rat_id,label,MeanFreq,Amplitude,AUC,Duration,Peak2Peak,Power,Entropy,NumberOfPeaks,SpecEntropy
13868,434,203,1,6.540445734246211,1528.9582526152506,182.36109728249855,0.515,2164.896072829176,263596.4621346443,0.9936369854966578,6.0,3.156892935307573
11907,36,3,0,10.696200222350726,438.0662205487058,17.619500993668716,0.085,600.0946219071179,59558.17338326612,0.8189555018403103,1.0,3.213166193804876
11878,7,3,0,25.50249286843901,762.5812014429409,18.98431917448801,0.095,733.9092453811861,60018.91341489987,0.9348490242345946,1.0,2.9384141068990006
3317,7,211,0,3.629257013614089,435.9534857794839,16.585082961965526,0.0733333333333333,378.639908703617,69705.99702357918,-0.0,1.0,2.8698367540796514
5000,0,213,1,9.278242940982697,1298.839054979249,168.95907086491576,0.505,2451.368589190486,208694.16773617265,0.9903535997995824,6.0,3.340463421951805
5087,87,213,1,9.66263483234166,1187.8974707162847,141.89843374941043,0.475,1860.8706739961983,142251.32671466185,0.9644590583765232,7.0,3.5428653363981475
6646,830,9,1,7.735944228168095,1027.3808514052305,181.87500691062496,0.6583333333333333,1548.5617290631722,115561.85987834538,1.0147616337441252,7.0,3.235622745745812
11920,49,3,0,12.528398052613705,418.4430480484377,31.14703966083672,0.15,786.8839420728821,59002.18960543746,0.9480782435939056,1.0,2.984281954976644
3522,212,211,0,18.23956592344904,978.0632413721816,24.555757255519087,0.0966666666666666,762.5522162923216,86223.96593557425,0.7007495497162062,2.0,2.9447857501543053
13676,242,203,1,7.408919134162086,1353.4680163777368,170.764469242931,0.5633333333333334,1959.352962018565,180508.9848571877,0.9974728859256328,7.0,3.2754464154429046
3533,223,211,0,8.33261561490905,602.1605465469837,28.721002428332906,0.1166666666666666,800.5221752201078,95835.55111115816,0.692419486327474,1.0,3.007112935177345
3365,55,211,0,3.4161973285760063,544.5961609920596,20.459992758295886,0.0716666666666666,479.3734995195945,109097.13817054254,-0.0,1.0,2.970289890564038
13563,129,203,1,9.003811966819866,1590.131357922319,176.68258165151755,0.3716666666666666,2799.392067970947,370311.2734198328,0.9860148986230132,5.0,2.1704753631796745
11915,44,3,0,14.270248483069292,682.5887975099286,29.01367329895136,0.1466666666666666,754.5018929680517,53240.23158375363,0.8609652558547649,1.0,2.7992790877155382
15225,70,4,2,3.177847178566517,2635.6808680713025,88.95769988374184,0.0533333333333333,2266.516819580316,3380088.0600821786,-0.0,0.0,2.9787805248882884
13537,103,203,1,6.812651308477073,1797.8710422273805,182.82066895727496,0.2766666666666666,2814.457433650142,647062.3705515667,0.9962271482775464,2.0,2.4385648195510874
3310,0,211,0,1.033891434653897,348.8500962411946,31.782654472456286,0.1216666666666666,263.90815255062546,75411.71226927712,-0.0,1.0,2.008767958823156
3388,78,211,0,5.431190525968223,567.7578642675086,25.15800494844836,0.1033333333333333,575.883495780837,91379.79925051997,0.5150089182972988,1.0,2.957906685874507
13640,206,203,1,10.59681158001596,1851.3528369282865,148.80925033944783,0.3483333333333333,2593.213811814112,348756.7046364645,0.9962811561832604,4.0,2.5360729208635298
3313,3,211,0,3.924548164430466,357.6073974078049,19.678806801951723,0.1,352.26377637765245,53233.89162639074,-0.0,1.0,2.8103115488007817
8249,2,201,0,5.107921338656892,581.4416867430309,26.01137651122687,0.0933333333333333,638.1121960154403,111361.62076705492,0.5916727785823275,1.0,2.992180558762564
14929,4,4,1,7.498300544448979,1794.698709543223,153.9108539627473,0.2366666666666666,2503.17612184266,604958.4052564624,0.9477073729342066,2.0,2.790581127216553
8830,416,201,1,7.481438635178679,1133.1597796519295,135.00997577412286,0.5683333333333334,1608.5299854760233,106729.98824457388,1.0184030829203563,7.0,3.2885948643903857
3,3,206,0,11.32935254030204,703.4541186450135,25.55190746413468,0.105,685.4592370754999,89953.85105284663,0.7024665512903903,1.0,2.9991364153243225
3402,92,211,0,6.641416708966032,896.9482603067754,36.81275938804862,0.1066666666666666,1018.9918528759886,196480.56934892287,0.6252624052234231,1.0,3.118231126589278
3371,61,211,0,4.481701706408713,555.1365926413157,33.06942747503911,0.1083333333333333,525.2525375412489,122088.87894369068,-0.0,1.0,2.699113298739019
3315,5,211,0,6.852445552796562,321.11315583234415,28.47154063241232,0.245,460.9303022677517,22575.981556497158,0.7995945116350291,2.0,2.582726274235984
3319,9,211,0,6.742967903925078,353.4518639103267,24.25196762805605,0.1716666666666666,397.6270476276474,36268.57745539957,0.7995318105266798,2.0,2.736106819290879
14990,65,4,1,7.720922911507756,1973.5201034250003,130.9698516799025,0.2133333333333333,2380.6033926981872,581931.6451893193,0.954434002924965,3.0,2.553662515787865
5661,24,9,0,5.650021708510109,803.7055704058339,25.6616581872622,0.0666666666666666,564.9195057602028,171646.03860076074,-0.0,1.0,2.55258776071618
12456,24,210,0,18.16245675800935,1024.400222060374,37.386925459428014,0.1366666666666666,859.1381162808277,104457.7428139558,1.0740070120966374,2.0,2.547454955835903
13437,3,203,1,4.590910854029182,1508.395326628273,189.34830945698792,0.4566666666666666,2295.561306467528,323051.5685640919,0.9674320981530664,6.0,3.117515159414076
3417,107,211,0,11.802050021326112,482.0625660958492,35.00603450256922,0.185,833.4608084102304,55597.60408655999,0.9994730201859836,2.0,2.636556215120895
222,222,206,0,16.157427900169356,1099.8020199761918,34.54228714194139,0.12,883.6515841056913,108781.63270356502,0.710676853856123,1.0,2.8910121921197103
3508,198,211,0,4.722108934144915,676.3191236502039,25.412428986037845,0.075,480.6700098327557,134165.34236070208,-0.0,1.0,2.6351623482173294
11911,40,3,0,6.678041681380424,312.5768636526224,26.22605648487512,0.145,450.3362400249128,40693.271645199085,0.7355085815538398,2.0,3.071610634130289
15116,191,4,1,7.694764434373625,2226.303154513755,170.56618809220626,0.2433333333333333,3242.470674732326,727936.3124752574,0.9605187074766162,3.0,2.4553906171056465
5740,103,9,0,13.771729374507297,1051.7806744106356,31.76335229651602,0.1133333333333333,849.2201093492874,128279.88163513216,0.7612401496918492,1.0,2.8106686826999003
167,167,206,0,9.546768896417284,562.5398120101306,28.75592757866501,0.1433333333333333,927.6857988508458,66401.61093353828,0.985909442028652,1.0,2.689209749555055
14936,11,4,1,7.249821930806595,1478.7852255123194,162.4788501012002,0.3416666666666667,2377.9657004218425,368256.6270348328,0.9788698505067784,5.0,2.735515160628505
8646,232,201,1,7.098451006067404,1313.7839749007117,153.381213070632,0.5883333333333334,2281.3353222119213,150616.07923805315,0.9663637050932146,7.0,3.2665207825695712
5697,60,9,0,2.05445455205722,670.5138467449704,46.28856250865874,0.095,606.4380025371033,262036.676426536,-0.0,1.0,2.47125773407206
8488,74,201,1,6.377325391925445,1573.869261783469,179.4384177797799,0.385,2530.0024985260875,372417.5225329876,0.926711547262741,4.0,2.344747131584578
4895,2,213,0,1.605827239411223,736.7061841925561,36.04685292365269,0.075,488.2405238639103,255212.02712812237,-0.0,1.0,2.622307532747528
12446,14,210,0,13.992306542104394,861.1875792607418,41.75135598989911,0.1233333333333333,1029.108761610781,160475.80556461014,0.9568886656798214,2.0,3.006960722475991
13381,209,203,0,10.591050747252186,964.2300439473784,35.5248635895591,0.1016666666666666,837.7783585712566,186788.5915160404,0.6807937753703206,1.0,2.964678535415157
11909,38,3,0,9.090949951206955,478.4813448854517,28.81591946791025,0.1383333333333333,619.2643102545323,62424.67993451673,0.8827586787955115,1.0,2.7130695257448614
8250,3,201,0,12.347568647179324,678.7120339542431,40.0991872892104,0.1216666666666666,1061.0823534776212,139381.0073793745,0.9693253797191862,1.0,2.4552219649452725
8533,119,201,1,7.230596211912999,1364.598196798725,144.92387732176792,0.3716666666666666,2035.7375772877112,260309.566358952,0.958861314238278,5.0,2.39788803654791
13854,420,203,1,9.427446190658516,1432.088238421073,125.65688824442368,0.46,1591.528776457796,128408.90153522398,0.9996590716691398,5.0,3.4651004369897747
156,156,206,0,7.501545344480867,469.0981204539722,27.94364705785981,0.1233333333333333,634.3901433996563,70621.68203787204,0.821812730503485,1.0,2.818065934789663
3564,254,211,0,2.197152685032649,566.5698335720797,42.410164025066535,0.1316666666666666,525.0016752917741,122193.49181256269,-0.0,1.0,2.2230278533831784
8844,430,201,1,6.480724565689886,1344.1071128922297,141.74896680499813,0.5583333333333333,1988.623828799893,155731.06115919538,1.0030184680361849,4.0,2.803387155652985
8248,1,201,0,9.214712773979386,774.996897287169,31.47720877969456,0.11,677.8029043311828,124900.13099703909,0.6500224216483541,1.0,2.906906186229992
11872,1,3,0,12.337005997757036,690.669812860755,25.1898935674458,0.1283333333333333,663.0827652372406,51901.756836009896,0.6242741010130388,1.0,2.74024981694793
11902,31,3,0,13.012254757245143,576.6688072359834,29.752351833258366,0.17,718.4298187045283,43416.026112472486,0.972086030396226,1.0,2.385352678631317
3575,265,211,0,1.8509176290792095,435.3307793590688,29.01289079271896,0.0883333333333333,380.85234066487726,116768.34489213262,-0.0,1.0,2.4363783386411098
5680,43,9,0,9.610911751101224,1189.5237617421265,55.71998935593612,0.1183333333333333,1620.9188173756156,344015.0150316132,0.8930108100446013,1.0,3.141300353852545
3465,155,211,0,6.498972301464462,707.3231543342977,40.97573551537779,0.1166666666666666,969.9512243225028,171266.6088834376,0.898058793450166,1.0,2.833766909093096
129,129,206,0,10.640306529844365,1201.6919788428029,53.54192115947952,0.1166666666666666,1602.932313320007,346597.7329540899,0.9852281360342516,2.0,3.0001417296552018
3503,193,211,0,12.084529317391684,474.98829985980126,26.570633951883853,0.1516666666666666,577.4299403110234,40833.12264017351,0.9355315642388212,1.0,2.444151875608967
3543,233,211,0,4.671802710980467,508.0936032402169,27.83882485161191,0.0966666666666666,584.5177541744524,98266.71323259428,0.2936763098513695,1.0,2.578175039589174
13514,80,203,1,8.727246153013791,1070.420870318549,123.53533960723448,0.3983333333333333,1686.3758884763715,144702.82408713218,0.9459669494775504,5.0,2.773441457628618
46,46,206,0,8.927738031270923,1072.706893237055,50.22153650245963,0.1116666666666666,1504.8533766585224,337529.1407714611,0.8794587736429037,1.0,2.927254210336325
11905,34,3,0,11.903856262046965,673.0121708492773,25.562259253116817,0.1383333333333333,462.8627836603602,40586.025200580254,0.9990574042663862,3.0,2.2093169216083743
5690,53,9,0,5.814840857873133,570.1447382701523,28.95561573285336,0.0933333333333333,590.2108854823928,138268.30649926624,0.4912373418243331,1.0,2.919612843988096
259,259,206,0,2.1363144517259784,562.4830770149754,19.793507707257167,0.0566666666666666,288.2141584176119,134295.9049520602,-0.0,1.0,2.570707989846878
3517,207,211,0,7.916804685256394,656.4062009834853,35.00461516524889,0.1416666666666666,803.816872760234,97827.7563081661,0.8739810481273578,1.0,2.8398239803066847
14707,73,4,0,9.255033621022124,1173.8768280864265,43.34971805451861,0.0966666666666666,1275.7272684689276,322130.74715135683,0.7007495497162062,1.0,3.116252634507792
14974,49,4,1,7.403649120274005,2380.5708575256454,168.31845783204426,0.2366666666666666,2681.756684087559,702339.2812417333,0.9987117514654892,3.0,2.144800740444835
127,127,206,0,12.840351708708724,833.677958682375,36.463895146515554,0.1083333333333333,923.1826321567746,157786.30770718804,0.851224335262138,1.0,2.8729226136520363
6397,581,9,1,7.259859699622212,1171.7882753925244,136.090301058808,0.31,2011.9927408311928,276486.6359536154,0.9629004147713268,3.0,2.327476386747294
3555,245,211,0,12.333244613060884,744.8185036855981,36.44647162309788,0.16,785.1214569636547,73856.03415729404,0.9684610087601622,1.0,2.7184863702540296
3573,263,211,0,2.173822466449168,364.4004091001929,25.869590506239923,0.1133333333333333,376.7406809859573,61198.92906462509,0.110580844769887,1.0,2.2890113851032505
250,250,206,0,12.106186010312122,1019.1485350910792,38.694372646223954,0.1066666666666666,1003.5444561397504,161907.5850717432,0.6619760641115652,1.0,2.8679395739718663
3483,173,211,0,3.700224451515683,547.8749802366694,30.41762024764226,0.1033333333333333,576.7268552644972,107191.30666883785,0.1191160266556483,1.0,2.678391801340992
11893,22,3,0,9.727156277091863,518.5599932892982,40.574153662530165,0.23,878.1571769762429,53675.66981021213,1.0307003562790356,2.0,2.675080264626305
50,50,206,0,10.266462324962,752.5059780370809,39.128979579708016,0.1366666666666666,1023.23302532716,123694.09136435726,0.956652272148091,1.0,2.8226704276551358
8850,436,201,1,6.604021363196576,1173.9775481854176,131.52693138580793,0.3866666666666666,1641.4696616513029,182754.67901139535,0.9032529465563456,5.0,2.476237698754698
6260,444,9,1,6.799300209012115,924.0431867045752,139.68833978377944,0.54,1448.2693380484986,108308.34958894888,1.025548299184921,5.0,2.805123994502538
66,66,206,0,6.908634457601333,965.3229808358024,45.17222234577261,0.1266666666666666,1200.8960254789592,217367.60353355945,0.6892019851173655,1.0,3.030934911448612
3441,131,211,0,8.650954559744326,633.3634857070555,38.274580286437214,0.1383333333333333,924.484685782667,116167.74937532427,0.8514808683852091,1.0,2.823320479064452
15071,146,4,1,7.064839663284191,1966.3683237028465,165.89201050142034,0.21,3271.5956851863248,885031.7966695975,0.9640787648082292,3.0,2.616875706682764
11921,50,3,0,8.963865637132917,402.18037279361766,35.267294208901006,0.2266666666666666,588.2367305039668,34040.20269811854,0.9810407095342996,2.0,2.7773796779596363
8532,118,201,1,5.503285515615725,1039.9991535850368,140.49461352893138,0.4283333333333333,1604.4771600806998,165486.27306212843,0.9920235887726018,4.0,3.110423337863918
3509,199,211,0,7.5149210723473985,533.5869843424034,27.69513117774437,0.095,717.7297572659085,104020.3183405818,0.4854607607459134,1.0,2.741295243430381
5933,117,9,1,6.820717155062033,634.4474093806282,135.2323525638783,0.5616666666666666,1178.465278018461,86283.09676583519,0.999231317035436,5.0,3.005828930077406
11891,20,3,0,9.741084946379452,536.1013774247738,40.13151419758184,0.1816666666666666,869.8341540933875,67570.16438266801,0.7434073165779198,2.0,2.9677709713664155
3545,235,211,0,8.67647983292114,457.8223933578739,36.35601164631892,0.2233333333333333,632.1491837696728,41279.99224690946,0.9635359835770289,2.0,2.828751063342441
8326,79,201,0,12.995799010581685,755.3634699632915,46.78679593527066,0.1583333333333333,1006.055145866712,114798.8431786201,0.9980008838722996,2.0,2.294346573923442
5016,16,213,1,8.202349203604527,891.1090177049034,115.89994180279184,0.3883333333333333,1294.475818000864,136019.90286063272,0.970446265661395,6.0,2.7270807008337736
5651,14,9,0,9.922253005912616,707.2033609316327,43.32467447434237,0.1283333333333333,1102.11194254698,153289.83424565324,0.9093934226727596,1.0,2.7259448794260046
11873,2,3,0,8.554580283342034,487.2984502636828,39.15294841338981,0.1683333333333333,816.4746188423012,72551.84262064175,0.9965322634876734,1.0,2.2481492162467416
851,497,206,1,6.661111155457539,1673.1495218241375,141.16690601409553,0.33,2467.8788309122124,358331.67059911764,0.9997055824529296,3.0,2.3599606199981227
5115,115,213,1,7.398476031619207,882.9932262430824,138.07386071149045,0.4083333333333333,1481.1060267286653,160251.1710060605,0.9990263673912958,5.0,2.323082298834888
8263,16,201,0,9.777639825550526,435.977978404324,35.27665409207618,0.17,710.8585083505708,58443.14107580504,0.982106918992554,1.0,2.6972126169555155
5798,161,9,0,8.379972316707061,846.3013922175572,50.38683601202979,0.1216666666666666,1270.3240758953252,217854.0765822316,0.977001239421856,1.0,2.6537761407043297
3583,273,211,0,4.700672188685338,416.626530488746,31.841641555359548,0.155,489.7259429609449,58435.8901999946,0.5836753280239111,1.0,2.533683049364288
8247,0,201,0,7.641111750939558,511.2123405982144,52.97581108873636,0.2466666666666666,900.4116587896277,67211.85472722906,0.9776218674520888,2.0,2.366368660448854
12484,52,210,0,11.58999062349218,1494.5886419804958,53.92513849247257,0.105,1299.235641569876,310292.7894433923,0.7024665512903903,1.0,2.8000926705558467
8259,12,201,0,4.5570004397887365,1032.1352712547116,45.69897516421258,0.0916666666666666,992.0154676347496,340721.6285423381,-0.0,1.0,2.905152409258806
12626,114,210,1,8.616032585443826,643.1491550079719,139.12957108908483,0.6633333333333333,1099.212226583169,63832.44978852921,1.0211590940332722,10.0,3.4413634751276216
14935,10,4,1,10.53176134048053,3222.496981859007,124.61604332821274,0.18,2194.265765814157,736527.0985311525,0.9841095278800532,2.0,2.368718288762966
56,56,206,0,5.801299864462493,488.1734575236183,34.6923412575812,0.1283333333333333,709.1398577769871,91448.30184516538,0.8263541679009077,1.0,2.9088482165840355
13453,19,203,1,7.3036613077510335,1673.9984229973277,123.45403996320104,0.2766666666666666,2263.912316625392,361979.1287830116,0.8596840707294896,3.0,2.791632904198291
13901,467,203,1,8.374266557600713,812.1971237752679,138.86999578974246,0.6033333333333334,1382.8997687933188,84935.15302495903,1.0720550657539456,5.0,3.242207141210295
126,126,206,0,8.418759150062494,494.0455377300231,34.40482022993325,0.1466666666666666,705.8187547747493,77646.24458640812,0.7732266742876346,1.0,2.759246032701025
12492,60,210,0,9.269877170243973,852.6484185419879,49.77299473501904,0.1266666666666666,1193.9505848536346,195262.26753408616,0.8112781244591328,2.0,2.9247940445117693
11912,41,3,0,2.630929149266813,437.90899511484434,30.55989906047557,0.11,459.04542897873415,89862.09760927879,0.1132743034970967,1.0,2.202528471664697
11903,32,3,0,9.123710375916962,646.3270859791722,45.404191053417264,0.165,956.7277703930768,103541.6722948681,0.9182958340544896,1.0,2.6663333248436736
13880,446,203,1,6.414618916540594,1468.672568950442,146.1185884362665,0.3,2250.8605834178634,365194.9417884661,0.9798687566511528,3.0,2.226651343041304
3499,189,211,0,7.248393977594376,539.4352820765849,36.06770431148301,0.13,895.991018533643,94858.29664279128,0.5524951143251111,1.0,2.7320511935196365
3690,104,211,1,9.695346545700444,540.1158150327113,77.64865062712461,0.44,938.4792238403934,48320.77486891492,0.9816649485370994,5.0,3.457415642803874
12440,8,210,0,1.5576471976606323,560.9884794804927,34.60016700961583,0.0833333333333333,414.8670983869032,186556.1626369154,-0.0,1.0,2.5133919223847894
14634,0,4,0,7.719508257831808,1203.6218259762522,47.80519124572628,0.1033333333333333,1159.4577204872317,324143.545911226,0.7088356733321961,1.0,2.9444283233326267
3352,42,211,0,10.362293187694616,729.3919894465862,36.990077654243706,0.1316666666666666,844.2478865483611,114093.10365195209,0.8858834790484443,1.0,2.7983931079115805
8489,75,201,1,6.161290356516075,1609.4689678485447,143.3827249037941,0.3583333333333333,2066.796675134128,297294.4723475789,0.9053901839421292,5.0,2.301194096696646
3311,1,211,0,6.234031748238587,404.03897452471233,33.19555196516598,0.2,524.8473144130791,40458.46206965416,0.8112781244591328,3.0,2.652715797412214
11871,0,3,0,7.40433755485879,556.257260658544,31.194500666132512,0.1316666666666666,674.4922201096772,64655.81306209892,0.5479900080939727,1.0,2.334696004135264
41,41,206,0,12.507390847597856,603.0478989501768,45.53530293002063,0.2183333333333333,906.3804500188672,66383.33998198935,0.9537279882525034,2.0,2.607447269152276
4925,32,213,0,8.995566778394572,759.9187555067873,49.243861093935486,0.145,1091.4080156844675,175814.86574959036,0.8935711016541907,1.0,2.7525705302144723
5791,154,9,0,15.147268943173378,928.231326041745,47.972288346172576,0.19,1202.8673867568466,114360.74658847286,1.061019664793157,2.0,2.97346498318932
15033,108,4,1,5.721339161309956,1236.5423667644416,176.78426473719276,0.3866666666666666,2392.6516384955403,339717.08132457524,0.9371100125712576,5.0,1.926876819963075
5728,91,9,0,2.446280574057913,603.6277451580379,35.7497605735463,0.0966666666666666,496.42906143813855,163985.74403694025,-0.0,1.0,2.707910973952114
5101,101,213,1,7.446348721720281,1345.1076857093035,114.4774454609175,0.3166666666666666,1864.5191614992573,237518.41057546795,0.9864497419502244,3.0,2.690956378921872
13603,169,203,1,8.727443464935387,1021.3410415221114,108.1502652741554,0.3366666666666666,1574.2049275467075,170430.55101237746,0.951655259943596,4.0,2.651559912596268
269,269,206,0,10.684752136810786,1179.6043670478714,55.95431559542178,0.185,1280.2790296097578,160628.3064224315,0.9787603904449516,1.0,2.7456339942233914
8261,14,201,0,10.388309853707502,703.7883021515153,43.79620899048004,0.1416666666666666,1112.5540145334642,132465.31781754564,0.9875474847753029,2.0,2.7760260383753166
3320,10,211,0,7.1680207952235815,500.2346098784448,37.05097269935728,0.1733333333333333,680.0885688425802,64813.28914362238,0.8112781244591328,1.0,2.921884851677355
5665,28,9,0,9.52149756929322,656.0260075530307,41.76352670202317,0.1516666666666666,935.6738792357492,120007.69687246422,0.9534158774525224,2.0,2.8358203060162603
5039,39,213,1,7.002458367554677,851.601348010643,118.09480070597448,0.4866666666666667,1279.9247438494065,91560.69104799569,0.995901397312046,6.0,3.0453439272921825
5844,28,9,1,7.0427590505281366,986.4313131635078,119.02183052451709,0.3483333333333333,1586.5611659219178,181843.932925234,0.9796747334133636,4.0,1.7684241208263758
6249,433,9,1,8.036584329331198,690.7059810327039,122.4514815411009,0.4083333333333333,1331.1806935953775,123345.94916277,0.9852281360342516,5.0,2.293346664259452
3466,156,211,0,11.335504667938832,984.1777899414,42.80517832816655,0.1983333333333333,977.4045046059314,77429.81875075678,0.8677444505792965,2.0,2.834256839932089
8264,17,201,0,8.361496204797318,586.9146936877556,49.60485064730681,0.185,975.4077168033532,99645.08418604697,0.9501866467511052,1.0,2.465776849069241
3579,269,211,0,2.4381093394838014,422.5073967734128,25.72462291440559,0.1016666666666666,395.1453266975621,74036.21136309119,-0.0,1.0,2.5148978978284786
3326,16,211,0,5.42722089764782,809.4856913408889,57.63455484568674,0.1766666666666666,1083.254134633428,156768.69277774892,0.9866495415516758,1.0,2.5657467875323907
13496,62,203,1,7.172038030105658,1721.8365044178531,128.4929292920619,0.3166666666666666,2341.87999424996,369347.1923420271,0.9960799908510808,4.0,2.693749633926486
3409,99,211,0,3.6827739382790345,815.971908243061,41.500236045621335,0.0916666666666666,698.6569932179005,254048.66325311887,-0.0,1.0,2.798240449363987
3381,71,211,0,6.108167357360084,368.16339221420856,35.904176622265965,0.1833333333333333,548.7004205411433,46241.407063030645,0.9212963741927288,2.0,2.161793459510682
37,37,206,0,7.802639201621355,1076.1784533738316,60.49545078602398,0.18,1477.8913346240408,187539.58656950956,0.9841095278800532,1.0,2.76523994450556
8290,43,201,0,11.261229696620482,696.0176326202579,40.898949052586936,0.2,756.2559694716292,55086.70918923323,0.909736122531166,2.0,2.6450548563979304
3421,111,211,0,7.614561482719577,794.4823016781631,48.12808861867321,0.1616666666666666,1098.934685222555,127387.50993148804,0.892338681064176,1.0,2.671925223526957
3515,205,211,0,3.5556123891830813,439.3127058040543,33.54081996571681,0.115,544.741293999004,99118.9648815808,0.3193373865339728,1.0,2.38861439074572
14931,6,4,1,6.479794781018341,1102.0764470692793,126.45893373507027,0.3466666666666667,2086.9518107659464,229718.68517046655,0.9957274520849256,5.0,2.368214263652552
3585,275,211,0,5.955400540358418,492.7203665251641,34.959129192037324,0.2,643.395643862448,50025.1226003011,0.8049926222579683,2.0,2.8186643508877105
11892,21,3,0,8.607052082370377,566.6907095691175,40.239511595817895,0.1766666666666666,876.1441456748064,72872.55563522434,0.8718686865520275,1.0,2.629344594522065
13544,110,203,1,13.51018982429064,2164.102189870899,122.54576281323578,0.3383333333333333,2215.55924755869,247844.29577851645,0.9575534837147482,3.0,2.347987393876451
14708,74,4,0,7.404216041738257,735.4264012055395,38.74021970706305,0.0916666666666666,1158.102086692707,217707.5192842666,0.6429383500409614,1.0,2.7284324438017755
5966,150,9,1,9.094743618025657,634.233634591251,126.61557035973668,0.57,1152.5334410993833,73870.24293471337,1.0428146967108405,7.0,3.3449756805190765
8710,296,201,1,5.890131586372025,1399.4725795924755,157.27887527235188,0.3466666666666667,2210.3692963220424,295063.06479240744,0.993320421638792,4.0,2.1568632865315496
3322,12,211,0,7.189231251536298,475.0985210726044,34.601295720384854,0.1883333333333333,632.076285155351,48475.66291592653,0.7289514964064974,2.0,2.8736413731364263
8766,352,201,1,7.554832295794694,884.2964071496416,123.43155017455068,0.635,1468.697926410251,74292.3945990095,0.9999950307014372,8.0,3.265236056920095
13469,35,203,1,5.890312202970168,1678.4575786110977,143.53726089444876,0.215,2293.327791763687,632731.2246774413,0.9996098363678072,3.0,2.506045384115204
3350,40,211,0,5.491259237332068,485.2745578550261,33.0931973754671,0.1766666666666666,564.8805549450931,55396.60150431399,0.5631028237513912,1.0,2.5699124820875654
5804,167,9,0,9.373586543489328,719.6578495776898,48.093374350379314,0.135,1112.9215006498002,169251.26574578305,0.8607781176165942,1.0,2.795309123445473
160,160,206,0,1.6949356284259636,611.3628811374917,56.12222685076068,0.1533333333333333,663.3299767117276,153075.12717936118,0.1510969705171136,2.0,1.9916840539562428
164,164,206,0,9.642266168131812,1025.5877872101184,42.86380614492867,0.1083333333333333,1109.4505387400743,212129.2732821407,0.4441260450795996,1.0,2.84712604488872
15052,127,4,1,8.712030967615295,1645.264290547396,118.77563069078866,0.29,2242.0932959348274,338785.9654207915,0.9953251070631716,3.0,2.665795953084902
12487,55,210,0,8.015599501940743,1631.4841983746744,51.06509582661431,0.085,1360.9894986887086,508387.0982058647,0.3227569588973982,1.0,2.8518027407539748
3481,171,211,0,7.766604477865368,566.8656794813392,41.94526262302402,0.1666666666666666,750.6229119152948,93946.75308485168,0.950672092687066,1.0,2.6223453454992423
20,20,206,0,11.728933670853712,477.5595125783146,37.87248990087802,0.2016666666666666,750.348283810009,52505.52946363324,0.9237072060321944,3.0,2.717240102130733
3335,25,211,0,2.729866089009022,508.21525417088486,41.819855520407295,0.1383333333333333,490.6634101839568,109676.33996440184,-0.0,1.0,2.301246515657042
8553,139,201,1,5.906421927384086,1283.4782952221042,125.36715491673183,0.4516666666666666,1783.4749832023183,161783.0079901721,0.7559679480706729,6.0,3.171238514812761
15003,78,4,1,7.889173321753549,1469.0960967374435,120.18852965341628,0.2783333333333333,1866.054017563624,266148.85143691866,0.964295353983381,4.0,2.461566061684024
227,227,206,0,9.496300987740208,834.1914348054199,43.39601059818072,0.19,868.0598556124665,88399.22364573684,0.9494520153879484,1.0,2.5234369649662183
13584,150,203,1,6.975800063312297,676.9479410754899,102.45414945442845,0.5283333333333333,1080.213105738608,63539.91463786768,0.9939545393228572,6.0,3.564546022453734
3562,252,211,0,5.638990299665205,377.9300911967736,34.17084099555498,0.1616666666666666,628.4604332823146,53524.64675013263,0.6460174789535751,1.0,2.555591753362794
199,199,206,0,4.861997661690658,522.538669376453,47.29625068793315,0.2166666666666666,712.7035276942473,67248.73873969454,0.999316959634874,1.0,2.1739884005456527
3377,67,211,0,5.458265897503862,639.855434063556,56.61092724127362,0.2533333333333333,909.7243872557106,81716.12429759516,0.8680403986166403,2.0,2.5547775783089057
11896,25,3,0,11.112496639773491,586.3941449000279,55.52725846209674,0.26,1013.6319768152082,67464.15037090269,0.9798687566511528,2.0,2.356002330395989
8690,276,201,1,6.197603467128204,1007.4925199844024,134.40303983814584,0.3583333333333333,1397.4097298127176,180695.38473996837,0.996485989886783,4.0,2.2146830940980964
12893,381,210,1,8.63847293885213,859.0663595804847,114.7754361651974,0.45,1344.3933825822992,97070.12867059196,0.999643749677856,5.0,3.399042961749836
6492,676,9,1,6.5823852965960405,742.804311058714,112.7047807406052,0.485,1393.6470954447218,90805.54735993152,0.9721439323621084,5.0,3.371772216491838
13723,289,203,1,8.3591654077151,999.2174043620566,111.06826465181216,0.3533333333333333,1412.1296997054403,138454.04769504128,1.0056172809698276,3.0,2.5064819778029546
235,235,206,0,1.8675213105672248,568.3349470823762,68.6102966989692,0.1766666666666666,654.3936127806875,165499.20520864474,0.1350362028021276,2.0,1.870760380752784
13281,109,203,0,3.310225738333052,1384.2866956203338,113.08414243085032,0.2066666666666666,1867.595014386384,468693.5697026937,0.8112781244591328,1.0,2.000669020233938
8288,41,201,0,13.356663131772478,472.11300257654005,42.97775979924693,0.2466666666666666,865.4998973076413,44140.23628787639,0.821812730503485,3.0,3.1521305223492884
12613,101,210,1,6.668214430078491,1083.1224175881064,120.2608944698342,0.305,1628.5668423090426,230028.8334897763,0.9922100889036374,2.0,2.014859115140003
8587,173,201,1,7.20515572717022,1220.5840898000854,121.25472229965914,0.3516666666666667,1850.388845135159,207001.31661971324,0.9999837975287872,4.0,2.379477577966544
8715,301,201,1,8.439206957515882,924.3448306643058,113.11536818994097,0.5616666666666666,1433.342552235037,70783.32248138852,0.9914445013570676,9.0,3.5815962166179194
5731,94,9,0,7.415327710153424,783.5204609618416,46.05188575950056,0.145,959.9192050082688,158538.04591674692,0.8497511372532974,1.0,2.7897935636272475
3529,219,211,0,7.728301850267276,667.3689946016899,56.487434511728736,0.2666666666666666,1030.0463510089353,73187.67096839056,0.9959386076315956,1.0,2.171962635945493
8776,362,201,1,8.080042417400017,698.7951877996297,89.79974789095061,0.5666666666666667,882.6880827062299,37217.96061031038,0.9742877168693198,6.0,3.2103629720545297
13543,109,203,1,9.316187508115672,1770.845918846163,110.2823496686325,0.2233333333333333,2481.113487593107,452911.69717757305,0.8285428398536292,2.0,2.8806607299260736
4908,15,213,0,10.01368918942517,904.623016389252,55.61955533568037,0.17,1329.7704212762355,190975.0488816481,0.9449382598624694,2.0,2.8992961992537083
11898,27,3,0,8.78265246665842,479.5058749878776,40.62627144816591,0.2816666666666667,818.6160408398089,37150.16276776534,0.9999747434708204,3.0,2.498498544305568
13175,3,203,0,11.39102338361308,1257.4304666772405,49.2944442188894,0.115,1215.825950569799,282601.03426724253,0.5586293734521992,1.0,2.827423481172058
12436,4,210,0,5.246094803534834,689.8344152248924,40.42960827478144,0.095,915.090093327702,216082.35735349005,0.5373760853377336,1.0,2.5920609273270845
3422,112,211,0,7.756580671902017,552.3586750212944,38.8697223464107,0.1466666666666666,849.273085308202,91133.39409587822,0.6321302781219706,1.0,2.754595462629154
14,14,206,0,3.366805476753953,765.5256507609099,48.39845591099138,0.1066666666666666,887.7899834542557,240899.6629953806,0.2006223243127146,1.0,2.5145726636676526
3336,26,211,0,5.541779489143911,432.8003626372228,39.14307488963078,0.2066666666666666,636.0441291539116,46635.39208531934,0.9728063221185002,1.0,2.153876638692583
3452,142,211,0,5.628413204910944,574.3668637169604,38.14858076875761,0.1133333333333333,749.6796622006952,141656.38052707806,0.3227569588973982,1.0,2.6499567991904374
27,27,206,0,6.001861408058696,878.2366196368187,52.4162528010209,0.1616666666666666,1099.1204782677123,170434.8590340655,0.7495463740711803,1.0,2.7510573746661464
14937,12,4,1,7.128405286612461,1583.9182331615389,131.7327977833766,0.22,2328.8404344458977,507736.1540252636,0.9718300042232968,1.0,2.408960137732284
3498,188,211,0,6.476166031940099,561.5083273739348,38.37844029246261,0.1383333333333333,795.3235738699559,95415.95656795114,0.530744566923854,2.0,2.390193499585292
3405,95,211,0,7.657217854239275,725.135648166331,52.013890912443976,0.295,1036.7880335339778,61378.82267655484,0.9855611953957446,3.0,2.759109787893875
14927,2,4,1,11.58320109824753,1271.6844958691663,100.13505051492297,0.2166666666666666,1769.5338161369557,286258.93215065915,0.9972665429589952,2.0,2.754383917772254
254,254,206,0,11.432066741335191,705.8754955204771,40.7221484425742,0.2733333333333333,779.0861322370665,42356.87782946501,0.9649567669505684,3.0,2.53461209418258
8371,124,201,0,14.477793074794086,851.3308502681226,56.59092929188027,0.2383333333333333,1191.0848904089703,81678.91672956958,0.7912991129798125,3.0,3.055635780661339
14653,19,4,0,8.511544770789229,971.8066244607028,53.743313505239385,0.1033333333333333,1393.3662147648345,360630.8945404319,0.4044483864864384,1.0,2.864941324643346
6679,863,9,1,8.635808087205264,1005.3275122433452,115.26879339082669,0.3733333333333333,1582.830443945424,139640.6070456791,0.969362149924249,3.0,2.163408545424557
8657,243,201,1,5.62988712246888,1176.8219644881235,147.97196199675165,0.3683333333333333,1849.463666777116,235394.19404232653,0.8904916402194913,4.0,1.831786155808704
14643,9,4,0,8.748976727020656,857.8794324735093,46.81879221868237,0.125,1190.5521286797823,168348.40712755098,0.4474992550368635,1.0,2.518763969936132
15,15,206,0,7.355710101208399,949.5837044469816,59.21568560620213,0.17,1452.5318155463046,188472.9613974114,0.8189555018403103,1.0,2.890983470344837
8258,11,201,0,8.673650496665216,504.3682683764411,49.13055591498599,0.2133333333333333,737.6408793429194,70834.29071211332,0.954434002924965,2.0,2.993732964047661
6431,615,9,1,9.813614636122828,1078.1273422595916,102.14624288688285,0.3716666666666666,1270.0656653074327,115002.04781747516,0.9800497424012644,4.0,2.372295809945524
3512,202,211,0,2.5951666218330547,773.7090129425152,59.44954859176242,0.1666666666666666,830.2085954727461,173191.81142227774,0.1414405425418206,1.0,2.2585027532006303
35,35,206,0,7.098713026779367,676.423064819422,41.753367598913016,0.1733333333333333,783.3924675885195,102297.04378524733,0.8700764699139432,2.0,2.7963158990635724
13408,236,203,0,3.3675270428490256,1427.7138123662803,101.11439820146929,0.16,1725.4170486521102,566483.1353412956,0.5721084472041879,1.0,2.3277326831351246
3547,237,211,0,6.577628309143479,788.6018657527574,56.60745264889543,0.2583333333333333,979.4018699759748,85351.59663457508,0.869137580612638,2.0,2.8545852556144093
6425,609,9,1,7.040647861053746,1006.1597227755904,121.12531208702696,0.3233333333333333,1723.1040980711182,202815.04953293464,0.9962401135461776,2.0,2.2743704925354686
332,332,206,0,5.8927043265888575,665.0118521487568,37.97629799779256,0.1366666666666666,713.2075182891558,118445.36298945636,0.5687008669370752,1.0,2.7233712091270337
3570,260,211,0,6.833592127064528,524.2744680109231,52.64828102046515,0.26,794.228558302093,64009.83407875232,0.9520402801398792,1.0,2.414557268945057
11887,16,3,0,6.366632528210095,458.65719565373104,51.28589877532906,0.2583333333333333,752.9903609328013,51345.08799038566,0.9811522341999132,1.0,2.138875084197433
3472,162,211,0,9.334565110832086,571.1648156002054,45.7513771874313,0.2933333333333333,726.2730475018368,46513.46035934035,0.9940302114769564,3.0,2.4339635609680395
12482,50,210,0,11.265768099257803,581.1716528291255,43.74302860644687,0.1816666666666666,818.2150657349118,90326.65888817894,0.9851393692194058,2.0,2.701991885376936
3566,256,211,0,3.751400703601568,433.1647537224674,36.217522329765046,0.15,598.4615291121212,73505.32352381008,0.3533593350214213,1.0,2.326217485830488
297,297,206,0,6.038863701045152,605.5029260342521,49.30569203113764,0.225,868.3911463593412,73353.56515084731,0.9266898983318106,3.0,2.480699028690166
12494,62,210,0,6.129984067216712,731.7919760418773,42.08260061684456,0.1083333333333333,1035.5843804393269,189043.42440756573,0.6559420757694149,1.0,2.718291081386746
3521,211,211,0,3.804473335464896,630.9794139383815,47.42706346857601,0.165,798.7130695382449,112914.14159078746,0.4050201326242423,1.0,2.3567924859919875
12493,61,210,0,5.575403421076728,836.3802194610328,50.80943843094688,0.105,1156.3673720248908,284498.1875127553,0.631263018091612,1.0,2.6556172578765267
3434,124,211,0,10.08972455931354,590.9967766296448,43.54459522429005,0.1833333333333333,994.7512101669532,78405.76168023865,0.9212963741927288,2.0,2.9633612375428062
3347,37,211,0,6.038205053631431,538.6431362967458,37.11901694036253,0.1766666666666666,698.3482611552247,69008.98764030913,0.83294582353614,1.0,2.6873763124658527
8411,164,201,0,11.960200399996683,631.6485422488742,50.79288265344757,0.245,977.7065426372352,66962.3223292857,0.8346482851813828,4.0,2.7271955551791485
3563,253,211,0,3.988755949752004,518.9435769043781,45.0407648135458,0.1816666666666666,691.5378302255336,81467.29472363867,0.8846293067903075,2.0,2.3649951980628265
3524,214,211,0,5.844078565148868,745.7332879360329,39.2349715436216,0.1033333333333333,860.9706457496538,183434.61448551752,0.4044483864864384,1.0,2.716828570521997
166,166,206,0,8.065036677243697,1018.1372945156008,56.90237743764665,0.1416666666666666,1025.9728648951814,211451.3489070001,0.7665599404543364,2.0,3.0042578680728846
286,286,206,0,6.265846570768454,671.4825239844888,51.75797890919432,0.1983333333333333,957.42531532362,93882.44398170013,0.9036488915053312,1.0,2.783037179281516
6093,277,9,1,8.991247065469812,1389.1791354796983,117.50540892875586,0.3333333333333333,2229.665446208474,260998.51836092368,0.9912540071703688,4.0,2.346733510302629
5109,109,213,1,7.051356878003131,1206.68150270877,102.922409795446,0.32,1704.7092508215592,170867.47402675328,0.8900223765857038,4.0,2.6802907925838704
5902,86,9,1,10.71122345697226,906.3620247000832,99.06294940292274,0.3,1501.3351121187964,152390.49898888663,0.999643749677856,3.0,2.394978906247557
14946,21,4,1,6.9126042052488685,1495.5249280383418,120.41645179632152,0.2016666666666666,2084.6295788204498,490967.5151493653,0.9637787324366504,3.0,2.583225558498348
12723,211,210,1,5.639010426885765,1276.5150913315697,153.3702527966245,0.3333333333333333,1908.399207327059,306873.6106133044,0.9877746553159468,3.0,2.2286885161664807
15088,163,4,1,8.339706973847937,1577.684808946459,103.73934628237872,0.2883333333333333,2084.7689194136337,281281.4478496016,0.99708169474135,3.0,2.867955617909057
14989,64,4,1,8.805177108273886,943.9618830292028,106.60583197197508,0.365,1545.4221365661706,131243.4121486916,0.9996239599875918,3.0,2.172254924772808
8748,334,201,1,6.918656637042952,1047.6804879539056,115.8646492009916,0.4083333333333333,1489.0158013604846,133214.44428393908,0.9453603002331006,5.0,2.4563822096682046
8858,444,201,1,7.584277859510122,1206.5677682797711,110.6101234577489,0.4,1607.1952068209575,147963.9108458167,0.970415819229674,4.0,2.608970353321732
8631,217,201,1,7.8323746277694815,835.9399314911603,101.37615621675668,0.4366666666666666,1394.7941141564706,97408.42176791794,0.9900565669756544,5.0,3.2663439931262683
8640,226,201,1,9.58062346934262,1973.2888816931895,111.6624154192553,0.2683333333333333,2117.417291644287,315593.36813089176,1.0029724388973276,3.0,2.616879164562657
15011,86,4,1,8.326918965519296,711.2513343254251,116.35234752160574,0.3966666666666666,1216.7394309055996,113850.37786881792,0.9567258440526692,5.0,2.4258932893398395
15120,195,4,1,6.6111927331027,1797.2255595554493,124.49629903655648,0.165,2875.621910177052,804928.6482780264,1.0350669105102424,3.0,2.666352940365296
8529,115,201,1,6.152085185504652,1503.0029200108622,131.4070216368589,0.2283333333333333,2144.3400210468217,464501.3507431127,0.927722194650164,2.0,2.2810304710676443
6577,761,9,1,9.60431703166801,1154.9664723232008,101.98244767983816,0.2733333333333333,1803.095661170172,209252.18065114523,0.9869799624358926,4.0,2.577388015555224
8557,143,201,1,5.108136647134139,956.0642173748264,155.05539144268997,0.4383333333333333,1426.7416207391168,167809.63238308826,0.955478555279956,7.0,2.587946495289748
13600,166,203,1,7.253402696015031,1668.2504940578074,114.56252676048037,0.3183333333333333,2092.5342183322496,293400.4109013208,1.0188679676079633,4.0,2.9015610977477597
3994,408,211,1,6.261758165874476,699.7423990590554,130.13672680363504,0.6566666666666666,941.2482396994178,56466.17476377235,1.0453226694595674,7.0,2.6762801873590827
12857,345,210,1,9.691886051439436,773.9804270507552,91.28246442717833,0.3316666666666666,1120.1816642963488,105168.01734400912,1.0193127621844469,3.0,2.826808224396302
13607,173,203,1,6.485897325822481,1204.3459665829744,103.182214840052,0.2833333333333333,1647.1836677007332,217470.05917880012,0.833764907210665,3.0,2.7102262740992598
14981,56,4,1,9.107593036729766,841.551963618172,93.84122643637052,0.3283333333333333,1346.64288319777,118760.0516477493,0.9249158222260726,3.0,2.766251077355663
15010,85,4,1,11.01349377659103,3174.454106091442,126.10424949656128,0.1683333333333333,2923.753126051567,976631.601155228,0.999929285432166,1.0,2.640894366692686
15124,199,4,1,8.437550409039932,1960.200602855432,106.33827377018382,0.1633333333333333,2980.016570906271,772702.6979723641,0.999699542856517,2.0,2.696071705114316
12557,45,210,1,8.711840321611046,1044.541730290788,92.62910374038276,0.4016666666666666,1578.8862976359885,101572.69991346748,0.9769125878584006,6.0,2.8432646238218324
12586,74,210,1,6.844897143475321,769.3598960039315,109.57843272406384,0.4466666666666666,1388.2788676068028,94263.56633717944,1.011227596027278,6.0,3.187641789937872
13904,470,203,1,5.518358256794565,643.0003879237441,127.37488764457127,0.535,1141.7704664081684,82169.59748104974,0.9941044710252936,4.0,2.7040931044674763
13704,270,203,1,5.378121810973899,1250.385209791723,177.23648716160915,0.405,2197.5011322426662,290555.06160873023,0.9849831217323608,3.0,2.2231999111735545
8775,361,201,1,8.394273062272875,879.4705484457692,111.1342076272854,0.4,1224.3617230571897,105428.21892549378,0.9975440207210966,5.0,2.0281945502591245
13816,382,203,1,5.960668406572885,875.4364285324368,127.79333807270108,0.415,1379.5380202770623,133470.17583139683,0.9973806632063372,4.0,2.2297018376643183
12578,66,210,1,11.108848692219333,639.0507575462938,85.14422537678692,0.36,1163.4285894486989,88768.89686440244,0.9910760598382222,4.0,2.886891557351767
12672,160,210,1,8.073078873229544,726.6118998805731,97.39631582083794,0.325,1165.0074179646272,116786.4105315854,0.9329178602876202,4.0,2.59520189171446
5038,38,213,1,13.037304935450058,1585.9285518253257,91.31715449870693,0.3933333333333333,1456.4629796739423,97428.2805942571,0.9948131754904236,6.0,2.3390324469346178
8672,258,201,1,6.81452508539272,1667.0149129556344,118.73940649091718,0.3833333333333333,2001.4529668266275,238228.1077563196,0.7778800266110028,4.0,2.4884157664604
8655,241,201,1,6.176073243231778,659.1281421422775,97.7400853183365,0.43,1112.4618633293749,72957.16127109941,0.9789168554891082,5.0,2.855943326682385
13507,73,203,1,9.096530933266347,1471.667720626465,96.90849162942806,0.2333333333333333,2001.3940577608016,307142.1890867301,0.9402859586706313,3.0,2.9029245233900416
8621,207,201,1,8.947779274597048,1433.832992886979,109.36840426010149,0.315,2076.369539413574,228055.58003855307,0.8175072881213616,4.0,2.59868451969319
13845,411,203,1,9.018337032429514,966.2670155641132,102.2404749996058,0.2933333333333333,1456.9589288904615,177392.9565659352,0.9906649266228328,2.0,2.060093005816557
14942,17,4,1,10.29975127511204,916.3307790028646,86.46426353495616,0.3216666666666666,1439.1281955217562,112382.4755590982,0.8755157045352493,3.0,2.778744863437501
5004,4,213,1,5.96397438100163,1558.889415653155,140.28963659790404,0.2166666666666666,2393.489614691099,585828.1505563812,0.9828586897127056,3.0,2.031998058446571
14959,34,4,1,6.2647065152236845,1238.576009306676,124.41335601032164,0.3033333333333333,2177.0608640495,286527.8468227859,0.9978211842997324,3.0,2.1802421901581908
13699,265,203,1,5.756037227102143,1360.7003323018705,147.06011612282845,0.2283333333333333,2167.858096876628,570355.1983573325,0.9829840769503784,1.0,2.157328461467084
13853,419,203,1,7.778556029082096,1021.7869433249924,97.58406012870316,0.2983333333333333,1542.9030969998444,178332.25711783004,1.0332739222434304,2.0,2.449157114895698
8644,230,201,1,8.844349081017372,1556.335926735092,86.61537350281912,0.1766666666666666,1745.4222823619425,291006.85353954905,0.6121961274908339,2.0,2.696049275838186
13792,358,203,1,7.030563933373641,784.8969503358737,114.42256146581155,0.3183333333333333,1277.2123819355068,169486.86857604777,0.9589388259385768,3.0,2.4828014146110435
12649,137,210,1,10.250474172308094,694.1160101899626,93.22135310733532,0.3133333333333333,1332.7158659678284,130299.64277495308,0.9861589698766942,3.0,2.3838387149056564
12856,344,210,1,6.918952258746881,733.4199876617206,101.42983093538191,0.3716666666666666,1219.4579462149393,105376.23771940485,0.9958038202212298,5.0,2.576874676301504
564,210,206,1,5.442152762795558,1544.9434399369015,127.90770675068882,0.25,2214.51967611698,426211.7659775413,0.9435293286392537,3.0,2.601508693629173
15085,160,4,1,11.551936260389189,1470.6156755943084,89.02228205048094,0.2716666666666666,1742.3043655814856,192674.05979433208,0.9938826056878156,4.0,2.819544354309228
14999,74,4,1,5.812067483236219,1216.486199262216,116.3688900761064,0.385,1697.4919492567676,184815.814150758,0.942561616311932,4.0,2.2412918367009222
13654,220,203,1,7.185241463047888,1196.6119561397836,91.88529427522994,0.3866666666666666,1479.537968752537,120981.65027427832,0.9408069332712928,5.0,2.778395130641241
15084,159,4,1,6.046021249484879,1131.2218783195815,117.27252676064155,0.2683333333333333,1840.570906221984,274375.4917009759,0.9764678429028284,4.0,2.406760963218279
5894,78,9,1,8.608452617896408,929.0100955327184,94.14172788936182,0.4166666666666667,1374.2691083708844,85332.48578033695,1.0333326430511385,6.0,2.5673266616019523
13826,392,203,1,5.048680867351842,802.3121363092094,139.6115904853212,0.4266666666666667,1498.605891695894,145265.982839293,1.014312243523409,7.0,1.7997775422925213
12917,405,210,1,6.73558063593752,1189.3039785318592,107.43302137908016,0.355,1754.6640556534994,178670.09186611578,0.9883779727795042,3.0,2.533331381842776
13505,71,203,1,5.428100556784519,1556.054125177544,134.63277546787145,0.2416666666666666,1863.6830085264653,439331.2662218701,0.91597980914068,2.0,2.4245832448072187
8645,231,201,1,9.123643801603142,1550.2494888480687,88.2872147182762,0.2366666666666666,2081.8135703282333,284084.46114662266,0.8480552826349695,3.0,2.919271237545955
6597,781,9,1,9.380692211992912,1126.5573628586587,103.89300761108564,0.265,1603.2709252332338,208805.44229282992,0.993570475770608,2.0,2.2371666303596807
8836,422,201,1,8.719599889804266,936.9730229529924,80.07283463019954,0.2983333333333333,1430.135190428127,121911.6334992649,0.9654811259411692,4.0,2.754077470737369
8749,335,201,1,7.373674392047706,1081.5848168437765,112.936072095454,0.3966666666666666,1445.8916580097612,133945.39320458315,1.0242366935250369,3.0,1.9984419344559143
5958,142,9,1,7.125120496310438,891.8049698031118,98.49900289689904,0.35,1433.8097093496967,120587.4527660258,0.9967916319816366,4.0,2.20240824698955
8676,262,201,1,7.708869760924673,1188.8561546005076,104.71809384871624,0.3183333333333333,1847.704563512217,215238.6835659175,0.9956730200856037,3.0,2.410338244675036
8719,305,201,1,6.467222210264692,1068.705278735992,113.3204966764256,0.3433333333333333,1666.5309576619543,182792.56123339705,0.9778564432903516,3.0,2.136304946613917
5989,173,9,1,10.526574983644643,753.94261384653,97.55682186874888,0.33,1204.2893631872114,112032.18742512944,1.0392510324151176,5.0,2.8615247861901545
12795,283,210,1,6.486875169814651,995.4847237627234,100.06282053173794,0.2566666666666666,1529.1230476275218,218094.55783420312,0.9877991387500304,2.0,2.106812389123067
8513,99,201,1,9.112184400371126,790.7663276634048,78.59720070540061,0.2633333333333333,1369.9493035690302,118049.78821016768,0.9433118205484856,2.0,2.797433121143294
13855,421,203,1,7.277012532218193,755.612561893234,96.9630903950108,0.28,1377.3990817351132,162340.44486453402,0.9182958340544896,3.0,2.0107208095243947
8415,1,201,1,6.406878493632652,960.4004112824232,107.08394012818508,0.32,1308.1305731626192,157227.04292756206,0.9772598868726804,3.0,2.475597046053903
5897,81,9,1,7.405546806656967,579.468324864246,78.65958543852838,0.35,1044.5374240713086,75466.46873560092,0.999934570664348,4.0,2.673225970510722
8792,378,201,1,7.431698209653367,1162.9508223789112,92.60191374479962,0.2516666666666666,1269.1799423935445,168309.25528173932,0.9860029065354764,4.0,2.106013953606712
13689,255,203,1,7.528841969353881,1271.7678330691533,106.98124529950476,0.3466666666666667,1833.2145717742576,198502.47758316697,1.0389821977755371,3.0,2.4714106455114866
8763,349,201,1,8.43009167838582,1208.0133299839588,107.93908185990632,0.2716666666666666,1938.119688082401,264343.3187722843,0.903310813689982,3.0,2.446502974210868
8497,83,201,1,8.378676034999797,1460.132468017173,105.1771313989416,0.275,2001.5904882763937,269255.65008568,0.7785391795129595,4.0,2.471756894007476
6194,378,9,1,6.558386520802243,886.4303987807812,92.26246954367276,0.2766666666666666,1511.111246774448,161601.46221239824,0.8933511132273007,3.0,2.64311607256313
14964,39,4,1,6.941739465142794,1354.6890184597391,87.08845775889205,0.265,1766.267560736803,231135.7978323521,0.9561550236844027,3.0,2.776599614573389
8840,426,201,1,6.06008978355217,1630.72017806157,123.04811390782524,0.2783333333333333,2107.817307422635,361190.3811779076,0.8653718741012333,2.0,2.3588690295407795
6356,540,9,1,8.956460740157747,1068.598037203237,90.74218042783905,0.3533333333333333,1477.1773116352788,114460.9223238604,0.9994503322643612,4.0,2.498688041023062
12744,232,210,1,6.970281587354376,602.1358091174831,91.61938467245976,0.33,971.4185140172028,100019.28489831505,0.9952844998624172,3.0,2.2720326867005003
15148,223,4,1,6.623101287451662,890.3324481883291,101.74254675631376,0.2716666666666666,1476.5313806918805,187803.0291612982,0.9538670347683254,3.0,2.462304905867667
8661,247,201,1,6.968291102759883,1261.0977319234078,100.25711803495486,0.22,1740.0107398808668,293391.4589735808,0.9571814385446724,3.0,2.431311563346418
12560,48,210,1,7.04865549806365,786.1494068955477,88.37640475242296,0.295,1108.1203876290924,115315.38885292478,0.9609413432710876,3.0,2.5396093506531443
5848,32,9,1,9.138753151500111,776.8202405236331,83.59441328324729,0.425,985.9849903796028,60129.4967647821,0.9941236151201682,5.0,1.997902364046026
8542,128,201,1,8.150306292426023,1512.8200870880717,97.46369602134156,0.23,2066.5355881731048,330203.33110407705,0.7553754125614287,3.0,2.668294575292487
13491,57,203,1,7.5837616288539,1336.4324337826347,93.22956786825053,0.1983333333333333,1957.4175316079663,340776.4834180452,0.9504783262723792,2.0,2.648741275699828
560,206,206,1,5.945502522172392,1612.975083374867,142.24230884020898,0.2316666666666666,2261.9439277828465,541697.3439216343,0.9954777505134998,1.0,2.1824423509409243
412,58,206,1,6.428048377279397,903.6300567516478,94.70663247035844,0.3366666666666666,1422.458869685664,134103.50251696084,0.9263265746361912,3.0,2.4084596964130096
8668,254,201,1,6.420299119437558,910.0134265740772,97.05614016298706,0.2533333333333333,1451.6425749725258,207470.63094482676,0.9532712349272238,3.0,2.2824667893950874
8660,246,201,1,7.738168393659874,1385.386040073826,114.74991503367886,0.2616666666666666,2290.590189483754,317256.4780906907,0.8187621757275964,3.0,2.361409549303163
8635,221,201,1,7.366738776128502,1098.2179666620814,95.44824637758155,0.2916666666666667,1452.667154913866,155983.28096770053,1.043567768633037,4.0,2.2972380953473226
12781,269,210,1,6.520208933932098,1264.1617215752035,107.24949229072864,0.3,1628.5124423068082,204503.20364746015,0.9999109429180594,4.0,2.295482789540851
14983,58,4,1,4.881463766907379,871.3351150170442,86.5875585295399,0.195,1292.1001727252003,244724.4877850924,0.6217944743521305,4.0,2.728534706932217
8525,111,201,1,7.984806408642999,1225.8698599807494,94.92327492336472,0.275,1668.4784268588146,195104.49405873375,0.95043913377303,3.0,2.5340836559091278
8712,298,201,1,6.799524642777819,409.83336588266855,75.47691118682758,0.5816666666666667,769.8879787699605,30114.807750896773,1.0271476635498205,7.0,2.728394291867648
8601,187,201,1,7.201276338874952,1424.1966758709953,107.96925663568588,0.265,1881.9725487857004,278907.5395064237,0.7826959759702468,3.0,2.458439902359693
12641,129,210,1,7.310647289240218,832.4659401833912,91.29034799228069,0.295,1353.101258530938,143000.17609149474,0.996105283585128,2.0,2.3447743025906105
5025,25,213,1,9.390939320101063,1036.2295363858027,78.31261942715545,0.3133333333333333,1535.430120992923,111053.40640900435,0.7663350359691776,5.0,2.9909480019373107
6218,402,9,1,8.327770949643767,1033.2213178930003,86.39066310739821,0.295,1571.7293729529874,147896.69297679025,0.9125422079867008,3.0,2.4918567684474504
8832,418,201,1,6.144867972166543,1171.2161076774491,110.3384299820569,0.3166666666666666,1677.28010753153,187806.10960925272,0.9316958485118404,4.0,2.4921491937290825
13833,399,203,1,9.4814929745115,746.1419363344435,85.1172931434122,0.3083333333333333,1224.4880161931526,106887.58692973798,0.9964351129905727,3.0,2.2091741600322754
12908,396,210,1,8.829342470552435,995.5751368152072,90.55793039131449,0.2666666666666666,1578.70467781379,165703.08459668382,0.9283620723948676,2.0,2.315845004181966
5047,47,213,1,8.596344564304717,1351.8630720776407,88.84647105227921,0.1883333333333333,2038.0477127991503,348506.06419995846,0.9972301143765976,2.0,2.926026700687574
6294,478,9,1,4.991818085127441,1267.9263529039426,139.65582656716813,0.3366666666666666,1700.1001662916465,234553.1485093276,0.998231441895705,3.0,1.884689476189049
13829,395,203,1,6.234028519692955,1296.2045519335056,109.23559035447892,0.2033333333333333,1874.4410533285504,385335.9105279374,0.8852618941204617,2.0,2.393271806236992
5097,97,213,1,6.518193504668442,1176.9808350029866,89.19373468511708,0.2183333333333333,1702.3202945237394,231665.41284134967,0.8020771588818674,3.0,2.578535194783792
5927,111,9,1,7.1838833379534535,680.1627058478634,93.40586307053184,0.3983333333333333,1293.5071559731205,85073.3248992565,0.9993811193132804,4.0,1.8944368348668872
15066,141,4,1,9.561802960109404,1327.7398033909965,82.94528724988187,0.2783333333333333,1929.9702481662289,189798.6824256738,0.992512066459464,3.0,3.019529276884616
13889,455,203,1,5.7153445776174845,826.9300702225386,105.32900112120504,0.41,1049.8208855231926,93505.79787680796,0.99766242758112,6.0,2.4304332632148764
6300,484,9,1,8.107026680353563,793.6356368542827,94.59478815850764,0.27,1365.1003881862894,160474.83482123705,0.9998900524545518,2.0,2.183843123923918
8462,48,201,1,7.969211308522465,698.6089490912008,79.37738752233852,0.2383333333333333,1225.2970492623188,132878.45327512865,0.7793498372920852,4.0,2.788859642473885
8605,191,201,1,7.965728172642938,1222.322487374964,94.62465941644216,0.2666666666666666,1739.0647120948083,193689.55461051507,0.9447388286467892,3.0,2.5791823477267326
13779,345,203,1,6.75276513412202,950.7008754283436,106.27033661849624,0.31,1652.8500165745072,191363.25412564716,0.8397622740178035,3.0,2.1660839396606173
15046,121,4,1,8.747444716932673,1883.6961449073149,80.18295536956319,0.2133333333333333,2385.3501978962527,403407.1159988456,0.954434002924965,2.0,2.9949262725626493
15082,157,4,1,6.7735149988965455,1228.4187507934937,94.35518265088274,0.1816666666666666,1667.4104672026333,348275.7870446554,0.9862958176866948,3.0,2.5278244329634787
3808,222,211,1,6.862715553743206,1015.8827184018712,85.02391830360277,0.2916666666666667,1594.8316052742605,147317.2232468404,0.9327857449402336,3.0,2.807119233386941
15153,228,4,1,8.504757073776025,1545.082874900663,93.6668402474552,0.215,1482.239166905873,246833.97482065283,0.9681647320759544,2.0,2.0129722050577192
6100,284,9,1,9.020791771006436,895.190313300325,79.97693382835428,0.2066666666666666,1387.3926951010958,197141.2479049724,0.9155841733615836,2.0,2.686203495609297
8805,391,201,1,7.183668487566583,1902.7219645250696,106.15743954102376,0.22,2048.536939066309,446718.5188879475,0.998785486462508,3.0,2.454243800806108
8831,417,201,1,9.228096344704836,2039.6437861188697,95.41805634929622,0.2166666666666666,1910.1803194621696,316723.3746361967,0.8173174158670671,2.0,2.4097546267139247
738,384,206,1,6.859063593060237,846.2536470501941,93.23522118814964,0.4166666666666667,1141.2994761082534,74515.35003880603,0.9580420222262996,4.0,2.2824359043596574
8507,93,201,1,7.532016836145277,1112.0031679692693,90.93506275368046,0.23,1589.1942741155456,240239.73181913304,0.8950051289257759,2.0,2.2683975569309585
13814,380,203,1,9.287704181308465,865.1717144546761,77.63989727534383,0.23,1362.781084207385,147945.71406710224,0.9108783787500366,2.0,2.7102118233747823
433,79,206,1,5.727787283083887,739.9895613390221,101.22261038974771,0.3516666666666667,1069.58675139867,111393.46845317876,0.980060010523258,4.0,2.3278026188235805
5086,86,213,1,8.280188645578013,1929.3160928143875,90.61641628355726,0.1216666666666666,1882.8684694235835,655278.4708497789,0.8656939941993219,2.0,2.5732932322653865
6633,817,9,1,10.44557258753725,759.557880897981,77.49405459793505,0.285,1278.4092129992616,112214.7526653495,0.9819407868640976,3.0,2.3172315962640235
6123,307,9,1,9.23842996993836,728.1028761388771,73.99445521536721,0.31,1174.6623732950306,79509.50324307723,0.9969954265557696,3.0,2.86966876149505
8456,42,201,1,7.099544263705222,1176.903221717009,108.10617422766832,0.2866666666666667,1777.8191870373748,226924.64959788107,0.837769869006679,4.0,2.27720037546858
12674,162,210,1,7.940700513138953,1161.030501780622,95.63851689687162,0.185,1869.8535646581263,361403.4772805512,0.9352691398683566,1.0,2.662657305915872
13645,211,203,1,6.678248752067062,2071.766766661417,110.50115743441036,0.1633333333333333,2762.4843600343747,915239.9816365646,0.8886466698980793,1.0,2.743692376009672
6303,487,9,1,8.256284337695115,936.13051240023,90.95760452527084,0.3783333333333333,1360.3722272674477,88808.94629922602,0.9999860010896078,4.0,2.575017370196776
3993,407,211,1,1.5949831930510492,697.6205811975805,70.47762196376593,0.15,705.8691505392966,247447.45681866532,0.0880722590406813,2.0,1.893593011535114
8806,392,201,1,6.210239863131794,818.3950165728579,105.50261442443652,0.34,1192.5913668787018,132560.86995913112,0.9993759069576512,3.0,1.2012701732157562
13553,119,203,1,8.050933719872166,1917.1614599795705,88.77440022320476,0.0983333333333333,2584.157716600419,1155350.3896564783,0.8179252501386403,2.0,2.8706346386944315
6557,741,9,1,13.332129095381648,954.5869554182996,77.1035974457434,0.2833333333333333,1277.5402803395923,103287.61402490624,0.9991012489684956,3.0,2.608913439665996
12726,214,210,1,7.396048457435554,1077.3017600048422,79.29671107448351,0.175,1462.1963483181405,244105.6135753956,0.8074825483550795,2.0,2.6256880194864367
8786,372,201,1,7.12918046188342,1674.6689527535948,116.0438086943654,0.205,2146.477156764246,480604.6226959824,0.9892452969285004,1.0,2.3781302511930686
12542,30,210,1,9.718606127810537,738.7473908405804,78.06100200464523,0.3916666666666666,1281.795718960203,64775.42349189106,1.030134296501222,5.0,2.490907568584769
6604,788,9,1,10.038095237120888,1200.5606500957222,85.25279742617839,0.2,1439.8230991912285,234593.4908397714,0.999799616411146,3.0,2.310060130341325
13569,135,203,1,5.270102278357329,1916.1937334695815,104.47826998637296,0.1766666666666666,2298.160000508497,749406.400978734,0.7921343282257479,2.0,2.7546697826980937
15028,103,4,1,4.62331503612415,1938.6805580060732,169.69576886730107,0.2,2743.878709759829,915121.3878681333,0.8366407419411673,2.0,2.497869397048097
6185,369,9,1,8.513127560343602,593.6297751486505,75.44547553362419,0.3183333333333333,1124.2617123900109,78590.45649492544,0.975640368223332,4.0,2.445091641999827
8718,304,201,1,8.138199970583813,629.1429118128312,93.08639267004054,0.365,1186.9583121773878,93125.0230222018,1.037507686078936,5.0,2.3676325298648813
5024,24,213,1,7.219612094152844,1135.3714763654395,83.24087110416308,0.1333333333333333,1729.9462458404348,479695.5432607092,0.8485481782946159,2.0,2.866302248450166
6558,742,9,1,7.875240928452822,758.722312575905,80.55526523765676,0.3716666666666666,1140.455941824904,71873.57448337942,0.9841452685685556,4.0,2.190340452612044
5856,40,9,1,8.834182233326572,948.9395227382606,83.32509263364493,0.2716666666666666,1437.367616190298,135645.19887033047,0.9281831040461171,3.0,2.4810688393672184
15042,117,4,1,5.245006464330848,1544.3605562344396,160.77857456007985,0.2383333333333333,2433.921226428031,599256.7007812753,0.9971407998386465,3.0,2.067161606828794
12754,242,210,1,8.691727224139026,1296.1719632268012,83.05603207461539,0.1483333333333333,1852.011403148041,398791.21529371286,0.8984197746860723,2.0,2.8663246824573307
6328,512,9,1,6.65835092845025,1073.5273792591065,103.4059123749384,0.2483333333333333,1621.080774791057,251344.8298946322,0.9827429896911872,1.0,2.5020827925834754
8673,259,201,1,7.428384080225991,1548.3658469628908,112.68974134176344,0.2033333333333333,1941.8689983816264,383637.1709868043,0.8646636512357289,1.0,2.408430882946201
8803,389,201,1,8.160603441051784,1631.5283395956803,94.06334103869747,0.1933333333333333,2316.980873301301,451820.4309464607,0.9784493292686188,2.0,2.636891669824489
5084,84,213,1,9.505685825805278,2310.1793623747367,90.69285482237989,0.12,2772.297469454877,1099643.1628898913,0.9640787648082292,1.0,2.993113388471933
6628,812,9,1,7.2527790529899425,1421.911320840537,107.69421426233752,0.2766666666666666,2010.242955824398,287297.4753815565,1.0,2.0,2.53053078186973
6340,524,9,1,7.121309403246144,760.7451293967251,84.81291912947887,0.3233333333333333,1233.5910725936333,104170.8339700698,0.9972382723007728,3.0,2.4554167622455787
5957,141,9,1,6.616309687015284,1012.47612146291,103.62176124053084,0.3183333333333333,1825.3047093988448,185052.58759483413,0.9966557377891416,3.0,2.2574196405527527
6479,663,9,1,7.149708149203282,775.0553631789336,88.2296595853928,0.26,1364.9359892550217,159704.0297794794,1.0,2.0,1.8705834657488685
13536,102,203,1,4.7284765732946825,1582.571354112158,165.84617073294316,0.2733333333333333,2155.968625286359,536234.3488256612,0.9757256542959976,2.0,2.154641219071868
15122,197,4,1,8.465623741678879,977.6666814919562,79.01386755284884,0.2466666666666666,1436.2891762498432,166173.8079786887,0.9615882097811684,2.0,2.6731521034800907
14939,14,4,1,6.313211182415994,1510.4209801792613,90.02014075603066,0.2033333333333333,1941.1500166532744,380706.6200408533,0.9432261548473416,2.0,2.782064681300378
8791,377,201,1,6.2926925409954375,924.4445811546932,85.40414751561428,0.305,1283.5009652911835,110357.09985889848,0.955931263789648,4.0,2.397601945176346
13520,86,203,1,2.624190873954297,2012.5539660486631,92.87236223713352,0.08,1612.700649547416,1634138.4643385585,-0.0,1.0,2.7191058862871693
5119,119,213,1,5.1855904904960415,1065.1769134761382,124.3662154032959,0.2683333333333333,1762.4100544039256,296465.7850200072,0.8865408928220899,3.0,2.6016443744580853
5943,127,9,1,10.177868450361505,837.986805500311,81.29321275027613,0.3266666666666666,1378.0767568952338,97407.44223104452,0.990892621974778,3.0,2.202247402268398
13489,55,203,1,6.3212388468845,1747.0834844129956,103.0497539712618,0.1666666666666666,2503.2310811722537,701722.3236996843,0.8687212463394045,1.0,2.8066742347321134
12703,191,210,1,6.195813749716558,1022.635047605291,105.04455932552888,0.2633333333333333,1696.3808014140263,241228.88025603796,1.0466426351496534,2.0,2.264839445831506
3805,219,211,1,9.720754590304455,689.2450935323842,74.74924981725451,0.3883333333333333,1018.7740552438388,59835.28466308483,0.9887964533130849,3.0,1.855936850196537
6164,348,9,1,8.81045650598246,1006.2393651309892,87.85715214240223,0.2616666666666666,1524.2196013751557,175271.91577540347,0.9161580438070432,2.0,2.23164482938572
13602,168,203,1,5.927420226653429,1532.001215247587,98.1835029837902,0.14,1899.50709429052,645321.1784348706,0.863120568566631,2.0,2.541462668963782
12563,51,210,1,5.707842994551828,1111.4375731972518,118.21930036715332,0.235,1871.4911211754295,332749.412885938,0.9839393951635756,3.0,2.0160253394036185
12537,25,210,1,11.12816141021757,1221.6623895316084,88.70411365796912,0.3683333333333333,1884.8642056100275,134443.03336493802,0.9966743506829756,5.0,2.63975571011671
8593,179,201,1,6.492506855790067,1142.3551177047684,103.74512893849038,0.3116666666666666,1740.448663962059,206071.16025597756,0.9110000858110294,4.0,1.990658014646843
8783,369,201,1,8.393952762761236,1151.7468087274935,75.9912303359276,0.215,1678.2461663528447,202029.2136951082,0.8081920174996,3.0,2.867350203335389
8774,360,201,1,10.683241197284795,1161.7108716229277,79.61285843170386,0.2816666666666667,1815.11413526745,172524.47945108596,0.987025673145109,4.0,2.686907168405959
8685,271,201,1,6.214700959160334,1175.7618454326314,98.07580832975708,0.21,1910.7027421220976,318596.1178401659,0.9101540365074872,2.0,2.1251216952047307
8539,125,201,1,13.61826375107935,2588.487248080948,92.43549372874784,0.1883333333333333,1897.576208297324,361020.46136375656,0.7932698344258596,2.0,2.653087963959132
8596,182,201,1,9.065424638007668,949.7254245356576,85.3591368605488,0.26,1476.3432522770272,152700.334384667,0.9798687566511528,2.0,2.189973500728542
12764,252,210,1,10.290518909423657,1881.2356931683491,74.54649089614495,0.2016666666666666,1632.7653363514398,242568.1465286617,0.9857140400759956,3.0,2.650023233193268
3866,280,211,1,5.6417399257533605,833.4725190798578,104.27197595937218,0.295,1292.517485439365,162566.7436128624,0.9182958340544896,2.0,2.438291655006478
869,515,206,1,5.999141864175975,685.9342192160019,110.93476631895516,0.405,1176.8654286824146,107143.14429731984,0.9627241842372214,4.0,1.3927617583941263
6229,413,9,1,5.305350107819691,1534.140245588695,155.57401922215269,0.2683333333333333,2351.1324497403057,505801.9957340702,0.9656361333706098,2.0,1.998570433652627
13509,75,203,1,5.940771111912019,2614.674308842012,121.1096569773996,0.0983333333333333,2653.9585678697777,1845939.0847376944,0.4743454375622397,1.0,2.533945255934177
13908,474,203,1,4.869266033190175,1587.2714922896328,97.2491222149967,0.205,2053.532432477754,446935.5562664157,0.5349436990971067,2.0,2.675393889460006
13656,222,203,1,7.363313449949324,1444.0114163170113,87.17053586766454,0.2416666666666666,1866.39239295114,278593.22146713786,1.0122190238089643,3.0,2.827249344032043
6243,427,9,1,6.6580361256418685,961.0302726017323,100.81205425241836,0.2866666666666667,1855.508524108518,208092.48310163477,0.9937489109291138,2.0,2.305710840705597
5077,77,213,1,6.341763368569118,1361.4853249506195,92.8717041721096,0.1816666666666666,1519.963091159164,315948.41444571497,0.8846293067903075,2.0,2.3595524153757
12580,68,210,1,10.064375354778932,764.411398664831,69.32529504067102,0.2333333333333333,1250.7474796044298,122435.47847098354,0.9705285925758986,3.0,2.993233959725543
13894,460,203,1,8.486092567573642,1489.990164574567,93.9876063907493,0.1866666666666666,1804.730845479488,372243.7913763854,0.9942417967729404,1.0,2.44768113813575
8781,367,201,1,5.648289636433559,1192.2212864518483,111.94513084790722,0.2383333333333333,1714.7179977505352,313684.1967408004,0.8904916402194913,3.0,2.1185454002006536
12808,296,210,1,7.02196094683399,1141.2910695457108,85.9663080630273,0.2733333333333333,1493.9483285713054,172226.76640125856,0.9982828462300606,3.0,2.38736158518863
450,96,206,1,7.300653012392167,1963.7951012728208,95.88741683149236,0.1683333333333333,2488.6749766059347,676023.4281908753,0.9478176755411892,1.0,2.8753458024975536
8588,174,201,1,5.945848601996119,977.1744342696652,78.97951522380578,0.24,1130.2983165381736,141941.86813139077,0.9250842712125538,3.0,1.811949605667468
771,417,206,1,7.606684963793463,840.5482490935792,74.76914685947719,0.3733333333333333,1211.3234054388254,78869.66884457118,0.9627373965546664,4.0,2.415447587708177
13728,294,203,1,7.091388456931425,1444.2104201369896,86.48108013030651,0.1783333333333333,1498.967766030224,286065.6783883819,0.8429359403268015,1.0,2.2531213011504625
6523,707,9,1,7.656632853848659,676.1008520813781,83.77085760488606,0.3016666666666667,1138.588030590281,104871.3454967793,0.9998018245790364,2.0,1.9106470276169671
12873,361,210,1,6.852127935974805,846.2349922251952,83.76424596209753,0.245,1321.339901762415,161387.40620798783,0.9587118829771316,2.0,2.401625096251212
13754,320,203,1,6.321240065735769,1776.4090742004369,91.3267239278808,0.1266666666666666,2459.0404358907763,785750.6187600343,0.7424875695421236,1.0,2.9100755923447825
3855,269,211,1,6.68517158992852,883.1885815383984,78.65000658909972,0.3316666666666666,1098.5538965676928,97402.72959068962,0.9985240503018716,4.0,2.428950415714935
6066,250,9,1,5.90064124086981,1185.672701399987,85.48643224603396,0.2533333333333333,1514.101429950681,197331.6236889891,0.9494520153879484,2.0,2.594451254943308
5828,12,9,1,6.096080298978079,884.8638486637093,78.36007882009741,0.185,1359.067294066159,242846.48169267704,0.9090221560878148,2.0,2.5966592153571053
551,197,206,1,7.581254182447682,1067.6918839724372,82.10177678649582,0.32,1467.646028987237,125207.45290970104,0.9992954443621548,3.0,2.5329525573475085
8764,350,201,1,8.26624866019908,1154.73419978395,80.04635869667585,0.2183333333333333,1629.9744481758928,211419.60501522888,0.8688198340267391,2.0,2.5446959939560463
8689,275,201,1,6.18619044924634,1147.9009447757887,100.04676598208556,0.2433333333333333,1661.9913429985395,266600.5358828592,0.8911070993405198,1.0,2.2542921293874607
13513,79,203,1,4.053525667501676,1985.9612924420264,86.9681685991784,0.1083333333333333,1899.367368959442,1080018.4641903676,-0.0,1.0,2.6729971246052715
6075,259,9,1,6.7358262831272135,717.0081522343509,77.00703246218524,0.25,1326.414444196374,137969.04988617543,0.9871377743721864,3.0,2.327391572904964
8454,40,201,1,5.4094788737091655,864.6091208543445,101.20977658813884,0.3233333333333333,1269.4757353022376,137543.69067407635,0.9200044721023376,5.0,2.1737345517492246
13632,198,203,1,5.996456050188086,682.242850530881,76.91832977313385,0.2833333333333333,1210.6382016619882,114752.26878003145,0.914324246431782,3.0,2.4642423168874794
13810,376,203,1,6.258725512343615,1123.5558372833525,79.40184224852527,0.1216666666666666,1626.3356512659543,502935.43075506034,0.6115516951951333,1.0,2.6237111359486907
15150,225,4,1,6.359389202475215,1379.6424039162673,82.79114942069903,0.2283333333333333,1749.2513359585173,290062.6164973259,0.946726290058515,2.0,2.7453967847333978
8555,141,201,1,10.524998496953154,1913.0244450872324,83.4947168645638,0.1566666666666666,1481.9510475529632,335069.7406948616,0.9350145588035412,1.0,2.209328670068993
3733,147,211,1,4.605545895800102,894.032594735792,87.15162953880716,0.1866666666666666,1285.64819155371,254341.6080893992,0.4340811200043347,2.0,2.1702630459538765
8626,212,201,1,6.314738593388799,770.3441316761289,85.0323226587422,0.28,1239.5758213745798,127321.68708762484,0.8882498958888347,4.0,1.9601973837184483
8798,384,201,1,5.267292085258422,1531.284888022993,146.28967412914255,0.3083333333333333,1970.588865020277,329626.47650909284,0.9352691398683566,3.0,2.238309122657685
8709,295,201,1,7.967439069960931,1507.1956703880758,86.60893384330244,0.1933333333333333,1648.6285909673927,307511.4557158648,0.861487212880816,2.0,2.441742804944113
5076,76,213,1,8.53268083227639,2130.9067686265103,87.73881055424927,0.0916666666666666,2848.88869146072,1371117.1089053946,0.9882836109919162,1.0,2.982922067279728
13898,464,203,1,4.64552258546542,663.244823504074,77.3296516121715,0.2266666666666666,1051.2023826318805,137503.7491737048,0.7612401496918492,3.0,2.3322132193199936
5863,47,9,1,7.349522411810522,1046.650413859609,81.09318174687769,0.2683333333333333,1586.8524083474665,170809.77569477723,0.9993041708285914,3.0,2.6224694549048526
13468,34,203,1,5.865482655310164,1625.3500954468664,92.53249885373636,0.1816666666666666,1992.942480290067,493506.2229741153,0.7925906965800167,1.0,2.731261775601445
3809,223,211,1,7.019378034573829,861.1879483235489,75.75647851529587,0.3716666666666666,1319.8782281015394,84391.39135894529,1.0705795675231355,4.0,2.5203365522872443
13912,478,203,1,9.06832127490159,875.3546258207865,73.0181930364059,0.2533333333333333,1073.7334472789562,133003.4356600386,0.967788462826768,3.0,2.6951528307797834
6156,340,9,1,8.094649686512565,734.7992131293992,76.44945888677546,0.2833333333333333,1133.382507867641,98021.2105000016,0.9259400597385792,2.0,2.4758141794480046
8516,102,201,1,5.675652505918966,1349.041559820526,108.6410646814073,0.2366666666666666,1826.865824281453,329164.1979220903,0.9675594819018212,2.0,2.186327200729307
5113,113,213,1,4.811931905827795,1249.2291050934296,146.3068753439257,0.2783333333333333,1944.202059168614,396330.8893276476,0.992512066459464,3.0,2.0299753558522804
8800,386,201,1,7.353894418165367,1260.3376204599017,86.79530901729146,0.2616666666666666,1744.403503696879,216769.19788850975,0.9027113410339268,3.0,2.2948280733172477
